vin,year,make,model,trim,price,mileage,body_style,seats,features,photo_url,listing_url,location,dealer_phone,doc_fee,stock_number
2C3CDZH92JH102166,2018,Dodge,Challenger,SRT Demon,110500,9029,,,Pitch Black Clearcoat; 8-SPEED AUTOMATIC HP90; 8 Cylinder Engine; Rear Wheel Drive,https://imagescdn.dealercarsearch.com/Media/1123/24168720/639233542887187646.jpg,https://www.craigandlandrethcars.com/vdp/24168720/Used-2018-Dodge-Challenger-SRT-Demon-for-sale-in-Louisville-KY-40207,Louisville,502-447-3450,690,D48127C
1C6SRFU9XRN170514,2024,RAM,1500,TRX Crew Cab SB 4WD,104500,16864,,,Flame Red Clearcoat; 8-SPEED AUTOMATIC (8HP95); 8 Cylinder Engine; Four Wheel Drive,https://imagescdn.dealercarsearch.com/Media/1123/24234985/639233541526215012.jpg,https://www.craigandlandrethcars.com/vdp/24234985/Used-2024-RAM-1500-TRX-Crew-Cab-SB-4WD-for-sale-in-Louisville-KY-40207,Louisville,502-447-3450,690,D48397A
1GYS9KRL7SR193506,2025,Cadillac,Escalade,ESV Premium Luxury AWD,99850,22381,,,Crystal White Tricoat; LEATHER SEATING SURFACES WITH PRECISION PERFORATED; 10-SPEED AUTOMATIC; 8 Cylinder Engine; Four Wheel Drive,https://imagescdn.dealercarsearch.com/Media/1123/24168691/639233542496500135.jpg,https://www.craigandlandrethcars.com/vdp/24168691/Used-2025-Cadillac-Escalade-ESV-Premium-Luxury-AWD-for-sale-in-Louisville-KY-40207,Louisville,502-447-3450,690,D48228
3C63RRPL4TG154449,2026,RAM,3500,Limited Mega Cab 4WD DRW,94455,8195,,,Bright White Clearcoat; Automatic; Straight 6 Cylinder Engine; 4WD,https://imagescdn.dealercarsearch.com/Media/3833/24218196/639233615543876633.jpg,https://www.craigandlandrethcars.com/vdp/24218196/Used-2026-RAM-3500-Limited-Mega-Cab-4WD-DRW-for-sale-in-Bullitt-County-KY-40165,Bullitt County,502-543-6276,690,DD48344
JTJTBCDX5S5042845,2025,Lexus,GX,GX 550 Overtrail+ 4WD,89800,13211,,,Earth and Black Onyx; Automatic; V6 Cylinder Engine; Four Wheel Drive,https://imagescdn.dealercarsearch.com/Media/1123/24168824/639233544214915063.jpg,https://www.craigandlandrethcars.com/vdp/24168824/Used-2025-Lexus-GX-GX-550-Overtrail-4WD-for-sale-in-Louisville-KY-40207,Louisville,502-447-3450,690,D48346
SALE2FEU7T2516808,2026,Land Rover,Defender,130 X-Dynamic SE,88500,10721,,,Gondwana Stone Metallic; Automatic; Straight 6 Cylinder Engine; All Wheel Drive,https://imagescdn.dealercarsearch.com/Media/1123/24238705/639233835358974202.jpg,https://www.craigandlandrethcars.com/vdp/24238705/Used-2026-Land-Rover-Defender-130-XDynamic-SE-for-sale-in-Louisville-KY-40207,Louisville,502-447-3450,690,D48451
JN8AZ3DB9T9433621,2026,Infiniti,QX80,Sensory 4WD,87800,5598,,,Radiant White/Black Obsidian; UNIQUE SPORT SEMI-ANILINE LEATHER SEATING SURFACES; Automatic; V6 Cylinder Engine; Four Wheel Drive,https://imagescdn.dealercarsearch.com/Media/1123/24231991/639233544463363336.jpg,https://www.craigandlandrethcars.com/vdp/24231991/Used-2026-Infiniti-QX80-Sensory-4WD-for-sale-in-Louisville-KY-40207,Louisville,502-447-3450,690,D48419
JTJTBCDXXS5035938,2025,Lexus,GX,GX 550 Overtrail+ 4WD,87500,16803,,,Earth and Black Onyx; Automatic; V6 Cylinder Engine; Four Wheel Drive,https://imagescdn.dealercarsearch.com/Media/1123/24168782/639233543996225018.jpg,https://www.craigandlandrethcars.com/vdp/24168782/Used-2025-Lexus-GX-GX-550-Overtrail-4WD-for-sale-in-Louisville-KY-40207,Louisville,502-447-3450,690,D48271
1FA6P8CF3S5401932,2025,Ford,Mustang,GT Premium Coupe,86820,2012,,,Oxford White; 6-SPEED MANUAL; 8 Cylinder Engine; Rear Wheel Drive,https://imagescdn.dealercarsearch.com/Media/1123/24168644/639233541527857180.jpg,https://www.craigandlandrethcars.com/vdp/24168644/Used-2025-Ford-Mustang-GT-Premium-Coupe-for-sale-in-Louisville-KY-40207,Louisville,502-447-3450,690,D48204
1FMEE0RR9SLB63865,2025,Ford,Bronco,Raptor,83500,3390,,,White; Leather; 10 Speed; 3.0L EcoBoost V6; 4WD,https://imagescdn.dealercarsearch.com/Media/1129/24199894/639226588097622884.jpg,https://www.craigandlandrethcars.com/vdp/24199894/Used-2025-Ford-Bronco-Raptor-for-sale-in-Clarksville-IN-47129,Clarksville,812-280-8018,260,MU21043
1GT4UYEY8SF279734,2025,GMC,Sierra 3500HD,Denali Ultimate Crew Cab 4WD,83250,13066,,,Onyx Black; FULL GRAIN LEATHER SEATING SURFACES; ALLISON 10-SPEED AUTOMATIC; 8 Cylinder Engine; Four Wheel Drive,https://imagescdn.dealercarsearch.com/Media/1123/24168697/639233542645817896.jpg,https://www.craigandlandrethcars.com/vdp/24168697/Used-2025-GMC-Sierra-3500HD-Denali-Ultimate-Crew-Cab-4WD-for-sale-in-Louisville-KY-40207,Louisville,502-447-3450,690,D48253
1GT4UYEY4SF157467,2025,GMC,Sierra 3500HD,Denali Ultimate Crew Cab 4WD,83000,17466,,,Titanium Rush Metallic; FULL GRAIN LEATHER SEATING SURFACES; ALLISON 10-SPEED AUTOMATIC; 8 Cylinder Engine; Four Wheel Drive,https://imagescdn.dealercarsearch.com/Media/1123/24173897/639233543627430903.jpg,https://www.craigandlandrethcars.com/vdp/24173897/Used-2025-GMC-Sierra-3500HD-Denali-Ultimate-Crew-Cab-4WD-for-sale-in-Louisville-KY-40207,Louisville,502-447-3450,690,D48364
1FMJK1P87TEA15470,2026,Ford,Expedition,MAX King Ranch 4WD,82488,1175,,,Star White Metallic Tri-Coat; 10-Speed Shiftable Automatic; 998; 4WD,https://imagescdn.dealercarsearch.com/Media/1123/24168648/639233541508802570.jpg,https://www.craigandlandrethcars.com/vdp/24168648/Used-2026-Ford-Expedition-MAX-King-Ranch-4WD-for-sale-in-Louisville-KY-40207,Louisville,502-447-3450,690,D48111
1FTFW1RG2SFC60236,2025,Ford,F-150,Raptor SuperCrew 4WD,81700,5980,,,White; Leather; 10 Speed; 3.5L V6 EcoBoost; 4WD,https://imagescdn.dealercarsearch.com/Media/1129/24051709/639233644988261777.jpg,https://www.craigandlandrethcars.com/vdp/24051709/Used-2025-Ford-F150-Raptor-SuperCrew-4WD-for-sale-in-Clarksville-IN-47129,Clarksville,812-280-8018,260,MU20946
1GNS6TKL9TR125196,2026,Chevrolet,Tahoe,High Country 4WD,81500,10112,,,Radiant Red Tintcoat; PERFORATED LEATHER SEATING SURFACES; 10-SPEED AUTOMATIC; 8 Cylinder Engine; Four Wheel Drive,https://imagescdn.dealercarsearch.com/Media/1123/24168674/639233542202684346.jpg,https://www.craigandlandrethcars.com/vdp/24168674/Used-2026-Chevrolet-Tahoe-High-Country-4WD-for-sale-in-Louisville-KY-40207,Louisville,502-447-3450,690,D48356
SAL1P9EU9SA601106,2025,Land Rover,Range Rover Sport,P400 Dynamic,77850,6396,,,Varesine Blue Metallic; Automatic; Straight 6 Cylinder Engine; All Wheel Drive,https://imagescdn.dealercarsearch.com/Media/1123/24168725/639233543335117971.jpg,https://www.craigandlandrethcars.com/vdp/24168725/Used-2025-Land-Rover-Range-Rover-Sport-P400-Dynamic-for-sale-in-Louisville-KY-40207,Louisville,502-447-3450,690,D47878
1C6SRFUP5TN308711,2026,RAM,1500,RHO Crew Cab 4x4,74800,3868,,,Blue; Leather; 8 Speed Automatic; 3.0L I6; 4WD,https://imagescdn.dealercarsearch.com/Media/1129/23922945/639233643969667466.jpg,https://www.craigandlandrethcars.com/vdp/23922945/Used-2026-RAM-1500-RHO-Crew-Cab-4x4-for-sale-in-Clarksville-IN-47129,Clarksville,812-280-8018,260,MU20825A
1GT40FDA9PU000024,2023,GMC,HUMMER EV,Edition 1,74500,11097,,,Void Black; PREMIUM LEATHER-ALTERNATIVE SEATING SURFACES; NONE (ELECTRIC DRIVE UNIT); Electric Motor; All Wheel Drive,https://imagescdn.dealercarsearch.com/Media/1123/24168694/639233542608614576.jpg,https://www.craigandlandrethcars.com/vdp/24168694/Used-2023-GMC-HUMMER-EV-Edition-1-for-sale-in-Louisville-KY-40207,Louisville,502-447-3450,690,D48221A
7SVAAABA7SX068969,2025,Toyota,Sequoia,Plantium 4WD,74500,3311,,,Red; Leather; 10 Speed; V6 Hybrid; 4WD,https://imagescdn.dealercarsearch.com/Media/1129/23797660/639223275952042298.jpg,https://www.craigandlandrethcars.com/vdp/23797660/Used-2025-Toyota-Sequoia-Plantium-4WD-for-sale-in-Clarksville-IN-47129,Clarksville,812-280-8018,260,MU20731
1GC4KUEY8SF252919,2025,Chevrolet,Silverado 3500HD,LTZ Crew Cab DRW 4WD,72800,15917,,,Black; Leather; 10 Speed; Duramax 6.6L V8 Turbodiesel; 4WD,https://imagescdn.dealercarsearch.com/Media/1129/24051711/639233645030603459.jpg,https://www.craigandlandrethcars.com/vdp/24051711/Used-2025-Chevrolet-Silverado-3500HD-LTZ-Crew-Cab-DRW-4WD-for-sale-in-Clarksville-IN-47129,Clarksville,812-280-8018,260,MU20945
5TFMA5DB7TX421765,2026,Toyota,Tundra,1794 CrewMax 4WD,72500,92,,,Wind Chill Pearl; Automatic; V6 Cylinder Engine; Four Wheel Drive,https://imagescdn.dealercarsearch.com/Media/1123/24213980/639233543728341833.jpg,https://www.craigandlandrethcars.com/vdp/24213980/Used-2026-Toyota-Tundra-1794-CrewMax-4WD-for-sale-in-Louisville-KY-40207,Louisville,502-447-3450,690,D48440
1G1YB3D43M5113695,2021,Chevrolet,Corvette,Stingray 2LT,71500,2286,,,Orange; Leather; 8 Speed Dual Clutch; 6.2L V8; RWD,https://imagescdn.dealercarsearch.com/Media/1129/24051712/639233644995295034.jpg,https://www.craigandlandrethcars.com/vdp/24051712/Used-2021-Chevrolet-Corvette-Stingray-2LT-for-sale-in-Clarksville-IN-47129,Clarksville,812-280-8018,260,MU20939
2GC4KPEY0T1134972,2026,Chevrolet,Silverado 2500HD,LTZ,71500,9172,,,White; Leather; 10 Speed; Duramax 6.6L V8 Turbodiesel; 4WD,https://imagescdn.dealercarsearch.com/Media/1129/23974581/639233643945570740.jpg,https://www.craigandlandrethcars.com/vdp/23974581/Used-2026-Chevrolet-Silverado-2500HD-LTZ-for-sale-in-Clarksville-IN-47129,Clarksville,812-280-8018,260,MU20869
1G1YA2D48P5140649,2023,Chevrolet,Corvette,1LT Coupe,71300,4097,,,"Arctic White; MULAN LEATHER SEATING SURFACES WITH PERFORATED INS; 8-SPEED DUAL CLUTCH, INCLUDES MANUAL AND AUTO MODE; 8 Cylinder Engine; Rear Wheel Drive",https://imagescdn.dealercarsearch.com/Media/1123/24210286/639233542624359904.jpg,https://www.craigandlandrethcars.com/vdp/24210286/Used-2023-Chevrolet-Corvette-1LT-Coupe-for-sale-in-Louisville-KY-40207,Louisville,502-447-3450,690,D48385A
1G1Y12D7XH5300266,2017,Chevrolet,Corvette,Grand Sport 3LT,69800,9686,,,Gray; Leather; 8 Speed Paddle Shift with Automatic Modes; 6.2L V8; RWD,https://imagescdn.dealercarsearch.com/Media/1129/24217842/639233499772481680.jpg,https://www.craigandlandrethcars.com/vdp/24217842/Used-2017-Chevrolet-Corvette-Grand-Sport-3LT-for-sale-in-Clarksville-IN-47129,Clarksville,812-280-8018,260,MU21047
JN8AZ3BB1S9404986,2025,Infiniti,QX80,LUXE 4WD,69700,11425,,,Black; Leather; 9-Speed Automatic; 3.5L V6 DOHC 24V; 4WD,https://imagescdn.dealercarsearch.com/Media/1129/23936043/639233644035584736.jpg,https://www.craigandlandrethcars.com/vdp/23936043/Used-2025-Infiniti-QX80-LUXE-4WD-for-sale-in-Clarksville-IN-47129,Clarksville,812-280-8018,260,MU20835
SCCLMDVN9HHA20064,2017,Lotus,Evora 400,2+0,68490,13690,,,Metallic White; 6-SPEED MANUAL SPORTS RATIO; V6 Cylinder Engine; Rear Wheel Drive,https://imagescdn.dealercarsearch.com/Media/1123/24168811/639233544143205213.jpg,https://www.craigandlandrethcars.com/vdp/24168811/Used-2017-Lotus-Evora-400-20-for-sale-in-Louisville-KY-40207,Louisville,502-447-3450,690,D48149B
W1NKM8HB8TF492935,2026,Mercedes-Benz,GLC-Class,AMG GLC43,68000,836,,,Polar White; Automatic; 4 Cylinder Engine; 4MATIC,https://imagescdn.dealercarsearch.com/Media/1123/24168723/639233543132691771.jpg,https://www.craigandlandrethcars.com/vdp/24168723/Used-2026-MercedesBenz-GLCClass-AMG-GLC43-for-sale-in-Louisville-KY-40207,Louisville,502-447-3450,690,D47893
1GKS2GKD6PR337682,2023,GMC,Yukon XL,SLT 4WD,67544,20503,,,Onyx Black; PERFORATED LEATHER-APPOINTED SEATING; Automatic; 8 Cylinder Engine; 4WD,https://imagescdn.dealercarsearch.com/Media/3833/24218155/639233614739450157.jpg,https://www.craigandlandrethcars.com/vdp/24218155/Used-2023-GMC-Yukon-XL-SLT-4WD-for-sale-in-Bullitt-County-KY-40165,Bullitt County,502-543-6276,690,D48086
WA1AVBF11SD033631,2025,Audi,Q8,55 Premium quattro,67500,2641,,,Gray; Leather; 8-Speed Automatic with Tiptronic; 3.0L V6 Turbocharged DOHC 24V LEV3-ULEV70 335hp; quattro,https://imagescdn.dealercarsearch.com/Media/1129/24028604/639233644914662695.jpg,https://www.craigandlandrethcars.com/vdp/24028604/Used-2025-Audi-Q8-55-Premium-quattro-for-sale-in-Clarksville-IN-47129,Clarksville,812-280-8018,260,MU20930
JN8AY3EB6S9102950,2025,Nissan,Armada,Platinum 4WD,66800,4804,,,Super Black; QUILTED LEATHER SEAT TRIM; Automatic; V6 Cylinder Engine; Four Wheel Drive,https://imagescdn.dealercarsearch.com/Media/1123/24235053/639233544405941105.jpg,https://www.craigandlandrethcars.com/vdp/24235053/Used-2025-Nissan-Armada-Platinum-4WD-for-sale-in-Louisville-KY-40207,Louisville,502-447-3450,690,D48418
1FT8W2BT6NEF40046,2022,Ford,F-250 SD,XL Crew Cab 4WD,66500,51520,,,Star White Metallic Tri-Coat; 10-Speed Shiftable Automatic; 99T; 4WD,https://imagescdn.dealercarsearch.com/Media/1123/24168650/639233542623981657.jpg,https://www.craigandlandrethcars.com/vdp/24168650/Used-2022-Ford-F250-SD-XL-Crew-Cab-4WD-for-sale-in-Louisville-KY-40207,Louisville,502-447-3450,690,D47971
1C6SRFHP2TN249465,2026,RAM,1500,Limited Crew Cab SWB 4WD,65990,8595,,,BLU; EFC; 4WD,https://imagescdn.dealercarsearch.com/Media/1123/24168638/639233541394195992.jpg,https://www.craigandlandrethcars.com/vdp/24168638/Used-2026-RAM-1500-Limited-Crew-Cab-SWB-4WD-for-sale-in-Louisville-KY-40207,Louisville,502-447-3450,690,D48125
1G1YA2D44P5130605,2023,Chevrolet,Corvette,1LT Coupe,65800,6409,,,"Silver Flare Metallic; MULAN LEATHER SEATING SURFACES WITH PERFORATED INS; 8-SPEED DUAL CLUTCH, INCLUDES MANUAL AND AUTO MODE; 8 Cylinder Engine; Rear Wheel Drive",https://imagescdn.dealercarsearch.com/Media/1123/24177916/639233542059357018.jpg,https://www.craigandlandrethcars.com/vdp/24177916/Used-2023-Chevrolet-Corvette-1LT-Coupe-for-sale-in-Louisville-KY-40207,Louisville,502-447-3450,690,D48371
5YJSA1E69MF438581,2021,Tesla,Model S,Long Range,63800,16021,,,Pearl White Multi-Coat; Automatic; Electric Motor; All Wheel Drive,https://imagescdn.dealercarsearch.com/Media/1123/24168763/639233543625532697.jpg,https://www.craigandlandrethcars.com/vdp/24168763/Used-2021-Tesla-Model-S-Long-Range-for-sale-in-Louisville-KY-40207,Louisville,502-447-3450,690,D48208
1FTFW5L57TKD06991,2026,Ford,F-150,Lariat SuperCrew 4WD,63200,2249,,,White; Premium Synthetic; 10 Speed; 5.0L V8; 4WD,https://imagescdn.dealercarsearch.com/Media/1129/23984671/639233643950107388.jpg,https://www.craigandlandrethcars.com/vdp/23984671/Used-2026-Ford-F150-Lariat-SuperCrew-4WD-for-sale-in-Clarksville-IN-47129,Clarksville,812-280-8018,260,MU20882
5UX33EM09R9U48773,2024,BMW,X7,M60i,62500,64770,,,Black Sapphire Metallic; FULL MERINO LEATHER UPHOLSTERY; Automatic; 8 Cylinder Engine; All Wheel Drive,https://imagescdn.dealercarsearch.com/DealerImages/1123/1123_newarrivalphoto.jpg,https://www.craigandlandrethcars.com/vdp/24168722/Used-2024-BMW-X7-M60i-for-sale-in-Louisville-KY-40207,Louisville,502-447-3450,690,D48330
1C4JJXSJ9PW694887,2023,Jeep,Wrangler,Unlimited Rubicon 392,61500,51171,,,Punkn Metallic Clearcoat; 8 Speed Automatic; 8 Cylinder Engine; 4WD,https://imagescdn.dealercarsearch.com/Media/3833/24250837/639236495310562246.jpg,https://www.craigandlandrethcars.com/vdp/24250837/Used-2023-Jeep-Wrangler-Unlimited-Rubicon-392-for-sale-in-Bullitt-County-KY-40165,Bullitt County,502-543-6276,690,D48354A
7PDSGABL1NN003221,2022,Rivian,R1S,Launch Edition,60400,33502,,,Launch Green; Automatic; Electric Motor; All Wheel Drive,https://imagescdn.dealercarsearch.com/Media/1123/24168801/639233544025305509.jpg,https://www.craigandlandrethcars.com/vdp/24168801/Used-2022-Rivian-R1S-Launch-Edition-for-sale-in-Louisville-KY-40207,Louisville,502-447-3450,690,D47879A
5LM5J7WC3SGL04147,2025,Lincoln,Aviator,Reserve Premium,60300,18100,,,White; Leather; 10 Speed; 3.0L V6; RWD,https://imagescdn.dealercarsearch.com/Media/1129/24175628/639233645973810941.jpg,https://www.craigandlandrethcars.com/vdp/24175628/Used-2025-Lincoln-Aviator-Reserve-Premium-for-sale-in-Clarksville-IN-47129,Clarksville,812-280-8018,260,MU21003
1C6SRFU91NN315224,2022,RAM,1500,TRX Crew Cab SB 4WD,59850,93494,,,Bright White Clearcoat; 8-SPEED AUTOMATIC (8HP95); 8 Cylinder Engine; Four Wheel Drive,https://imagescdn.dealercarsearch.com/Media/1123/24234984/639236426032452011.jpg,https://www.craigandlandrethcars.com/vdp/24234984/Used-2022-RAM-1500-TRX-Crew-Cab-SB-4WD-for-sale-in-Louisville-KY-40207,Louisville,502-447-3450,690,D48396A
5YJSA1E69MF453971,2021,Tesla,Model S,Long Range,59800,27889,,,Not Specified; Automatic; Electric Motor; All Wheel Drive,https://imagescdn.dealercarsearch.com/Media/1123/24168721/639233542918163041.jpg,https://www.craigandlandrethcars.com/vdp/24168721/Used-2021-Tesla-Model-S-Long-Range-for-sale-in-Louisville-KY-40207,Louisville,502-447-3450,690,D48308
2C3CDARP4TR280026,2026,Dodge,Charger,Scat Pack Plus,59800,1430,,,Blue; Leather; 8 Speed Automatic; HO; AWD,https://imagescdn.dealercarsearch.com/Media/1129/24195975/639227883523918298.jpg,https://www.craigandlandrethcars.com/vdp/24195975/Used-2026-Dodge-Charger-Scat-Pack-Plus-for-sale-in-Clarksville-IN-47129,Clarksville,812-280-8018,260,MU20995A
2C3CDZC91MH618496,2021,Dodge,Challenger,SRT Hellcat Widebody,59800,51317,,,Gray; Leather; 8 Speed Automatic; 6.2L V8 Supercharged; RWD,https://imagescdn.dealercarsearch.com/Media/1129/24109332/639233645190469046.jpg,https://www.craigandlandrethcars.com/vdp/24109332/Used-2021-Dodge-Challenger-SRT-Hellcat-Widebody-for-sale-in-Clarksville-IN-47129,Clarksville,812-280-8018,260,MU20936A
2C3CDAMP0TR219893,2026,Dodge,Charger,Scat Pack Plus,59400,6249,,,White; Leather; 8 Speed Automatic; HO; AWD,https://imagescdn.dealercarsearch.com/Media/1129/24217860/639232779630453562.jpg,https://www.craigandlandrethcars.com/vdp/24217860/Used-2026-Dodge-Charger-Scat-Pack-Plus-for-sale-in-Clarksville-IN-47129,Clarksville,812-280-8018,260,MU21048
1HTKJPVK5NH520277,2022,Chevrolet,Silverado Medium Duty,,58400,32987,,,Paint Scheme; CLOTH SEAT TRIM; Automatic; 8 Cylinder Engine; 4WD,https://imagescdn.dealercarsearch.com/Media/3833/24218163/639233614940198973.jpg,https://www.craigandlandrethcars.com/vdp/24218163/Used-2022-Chevrolet-Silverado-Medium-Duty-for-sale-in-Bullitt-County-KY-40165,Bullitt County,502-543-6276,690,D48113C
1GKS2JKL6PR358603,2023,GMC,Yukon XL,Denali 4WD,57900,68716,,,Summit White; PERFORATED LEATHER SEATING SURFACES; 10-SPEED AUTOMATIC; 8 Cylinder Engine; Four Wheel Drive,https://imagescdn.dealercarsearch.com/Media/1123/24168677/639233542215784697.jpg,https://www.craigandlandrethcars.com/vdp/24168677/Used-2023-GMC-Yukon-XL-Denali-4WD-for-sale-in-Louisville-KY-40207,Louisville,502-447-3450,690,D48131
2T2BBMCA5SC088109,2025,Lexus,RX,350h AWD,57000,30498,,,Cloudburst Gray; CVT; 4 Cylinder Engine; All Wheel Drive,https://imagescdn.dealercarsearch.com/Media/1123/24168830/639233542888750140.jpg,https://www.craigandlandrethcars.com/vdp/24168830/Used-2025-Lexus-RX-350h-AWD-for-sale-in-Louisville-KY-40207,Louisville,502-447-3450,690,D47954A
1FT7W2BT4JEC54251,2018,Ford,F-250 SD,Lariat Crew Cab 4WD,56500,54487,,,White Platinum Metallic Tri-Coat; 6-Speed Shiftable Automatic; 8 Cylinder Engine; Four Wheel Drive,https://imagescdn.dealercarsearch.com/Media/1123/24193293/639235269508700283.jpg,https://www.craigandlandrethcars.com/vdp/24193293/Used-2018-Ford-F250-SD-Lariat-Crew-Cab-4WD-for-sale-in-Louisville-KY-40207,Louisville,502-447-3450,690,D48378
SALEJFFU3R2297114,2024,Land Rover,Defender,P300S,56200,26081,,,Gray; Leather; 8 Speed Automatic; 3.0L I6; 4WD,https://imagescdn.dealercarsearch.com/Media/1129/23901078/639217947756194738.jpg,https://www.craigandlandrethcars.com/vdp/23901078/Used-2024-Land-Rover-Defender-P300S-for-sale-in-Clarksville-IN-47129,Clarksville,812-280-8018,260,MU20817
1C4RJXFN3TW181113,2026,Jeep,Wrangler,Rubicon X,55200,7811,,,Gray; Leather; 8 Speed Automatic; 2.0L I4 DOHC; 4WD,https://imagescdn.dealercarsearch.com/Media/1129/24082185/639229323975896101.jpg,https://www.craigandlandrethcars.com/vdp/24082185/Used-2026-Jeep-Wrangler-Rubicon-X-for-sale-in-Clarksville-IN-47129,Clarksville,812-280-8018,260,MU20952
1GNSKDKD4PR188156,2023,Chevrolet,Suburban,Z71,55000,66000,,,Black; LEATHER-APPOINTED SEATING SURFACES 1ST AND 2ND ROW; 10-SPEED AUTOMATIC; 8 Cylinder Engine; Four Wheel Drive,https://imagescdn.dealercarsearch.com/Media/1123/24168699/639233542668411578.jpg,https://www.craigandlandrethcars.com/vdp/24168699/Used-2023-Chevrolet-Suburban-Z71-for-sale-in-Louisville-KY-40207,Louisville,502-447-3450,690,D47973B
1C4RJHER1T8557922,2026,Jeep,Grand Cherokee,Summit 4WD,54800,3125,,,Bright White Clearcoat; 8-SPEED AUTOMATIC (880RE) TRANSMISSION; 4 Cylinder Engine; Four Wheel Drive,https://imagescdn.dealercarsearch.com/Media/1123/24168632/639234698868812065.jpg,https://www.craigandlandrethcars.com/vdp/24168632/Used-2026-Jeep-Grand-Cherokee-Summit-4WD-for-sale-in-Louisville-KY-40207,Louisville,502-447-3450,690,D48336
4JGFB4FB6SB315893,2025,Mercedes-Benz,GLE,GLE 350 4MATIC,54800,13418,,,White; Leather; 9-Speed Automatic; 2.0L I4 Turbocharged; 4MATIC,https://imagescdn.dealercarsearch.com/Media/1129/23929967/639233643976230132.jpg,https://www.craigandlandrethcars.com/vdp/23929967/Used-2025-MercedesBenz-GLE-GLE-350-4MATIC-for-sale-in-Clarksville-IN-47129,Clarksville,812-280-8018,260,MU20762
2T2HKCEZXSC048003,2025,Lexus,NX 350h,Luxury,54600,16239,,,Red; Leather; CVT; 2.5L I4 DOHC 16V; AWD,https://imagescdn.dealercarsearch.com/Media/1129/23904780/639233643946664507.jpg,https://www.craigandlandrethcars.com/vdp/23904780/Used-2025-Lexus-NX-350h-Luxury-for-sale-in-Clarksville-IN-47129,Clarksville,812-280-8018,260,MU20819
1GNSKTKL9NR340477,2022,Chevrolet,Tahoe,High Country 4WD,54500,54006,,,Summit White; PERFORATED LEATHER SEATING SURFACES 1ST AND 2ND RO; 10-SPEED AUTOMATIC; 8 Cylinder Engine; Four Wheel Drive,https://imagescdn.dealercarsearch.com/Media/1123/24168678/639233542219413044.jpg,https://www.craigandlandrethcars.com/vdp/24168678/Used-2022-Chevrolet-Tahoe-High-Country-4WD-for-sale-in-Louisville-KY-40207,Louisville,502-447-3450,690,D47776A
3C6UR5DL7JG315942,2018,RAM,2500,SLT Crew Cab SWB 4WD,54500,10932,,,Granite Crystal Metallic Clearcoat; 6-SPEED AUTOMATIC (68RFE); Straight 6 Cylinder Engine; Four Wheel Drive,https://imagescdn.dealercarsearch.com/Media/1123/24168798/639234698834128486.jpg,https://www.craigandlandrethcars.com/vdp/24168798/Used-2018-RAM-2500-SLT-Crew-Cab-SWB-4WD-for-sale-in-Louisville-KY-40207,Louisville,502-447-3450,690,D48167A
1FAGP8FF1S5104724,2025,Ford,Mustang,GT Premium Convertible,54000,891,,,Molten Magenta Metallic Tri-coat; 10-Speed Shiftable Automatic; 8 Cylinder Engine; Rear Wheel Drive,https://imagescdn.dealercarsearch.com/Media/1123/24168645/639233541800443718.jpg,https://www.craigandlandrethcars.com/vdp/24168645/Used-2025-Ford-Mustang-GT-Premium-Convertible-for-sale-in-Louisville-KY-40207,Louisville,502-447-3450,690,D48275
7SAXCDE53NF340854,2022,Tesla,Model X,AWD,53800,37391,,,Pearl White Multi-Coat; PREMIUM SEAT TRIM; Automatic; Electric Motor; All Wheel Drive,https://imagescdn.dealercarsearch.com/Media/1123/24168765/639233543740441839.jpg,https://www.craigandlandrethcars.com/vdp/24168765/Used-2022-Tesla-Model-X-AWD-for-sale-in-Louisville-KY-40207,Louisville,502-447-3450,690,D48227
1GC4YRE7XNF266831,2022,Chevrolet,Silverado 2500HD,High Country Crew Cab Long Box 4WD,53770,62276,,,Iridescent Pearl Tricoat; PERFORATED LEATHER SEAT TRIM; 6 Speed Automatic; 8 Cylinder Engine; 4WD,https://imagescdn.dealercarsearch.com/Media/3833/24219492/639233615544032915.jpg,https://www.craigandlandrethcars.com/vdp/24219492/Used-2022-Chevrolet-Silverado-2500HD-High-Country-Crew-Cab-Long-Box-4WD-for-sale-in-Bullitt-County-KY-40165,Bullitt County,502-543-6276,690,D48392
1GNSKRKD0NR296736,2022,Chevrolet,Tahoe,RST 4WD,53500,47050,,,Black; PERFORATED LEATHER SEATING SURFACES 1ST AND 2ND RO; 10-SPEED AUTOMATIC; 8 Cylinder Engine; Four Wheel Drive,https://imagescdn.dealercarsearch.com/Media/1123/24168693/639233542596267976.jpg,https://www.craigandlandrethcars.com/vdp/24168693/Used-2022-Chevrolet-Tahoe-RST-4WD-for-sale-in-Louisville-KY-40207,Louisville,502-447-3450,690,D47992A
1G1YM2D76F5107178,2015,Chevrolet,Corvette,Z51 3LT Coupe Automatic,52800,24335,,,Shark Gray Metallic; PERFORATED NAPA LEATHER SEATING SURFACES; 8-SPEED PADDLE SHIFT WITH AUTOMATIC MODES; 8 Cylinder Engine; Rear Wheel Drive,https://imagescdn.dealercarsearch.com/Media/1123/24231595/639233542045954316.jpg,https://www.craigandlandrethcars.com/vdp/24231595/Used-2015-Chevrolet-Corvette-Z51-3LT-Coupe-Automatic-for-sale-in-Louisville-KY-40207,Louisville,502-447-3450,690,D48437
4JGFB4FB8RB063199,2024,Mercedes-Benz,GLE,GLE 350 4MATIC,52700,24622,,,White; Leatherette; 9-Speed Automatic; 2.0L I4 Turbocharged; 4MATIC,https://imagescdn.dealercarsearch.com/Media/1129/24018348/639233644415282050.jpg,https://www.craigandlandrethcars.com/vdp/24018348/Used-2024-MercedesBenz-GLE-GLE-350-4MATIC-for-sale-in-Clarksville-IN-47129,Clarksville,812-280-8018,260,MU20868A
1GB5YTEY4RF133552,2024,Chevrolet,Silverado 3500HD,LT Double Cab 4WD,52000,46166,,,Radiant Red Tintcoat; CLOTH SEAT TRIM; ALLISON 10-SPEED AUTOMATIC; 8 Cylinder Engine; Four Wheel Drive,https://imagescdn.dealercarsearch.com/Media/1123/24168651/639233542524022238.jpg,https://www.craigandlandrethcars.com/vdp/24168651/Used-2024-Chevrolet-Silverado-3500HD-LT-Double-Cab-4WD-for-sale-in-Louisville-KY-40207,Louisville,502-447-3450,690,D47839
3C6UR5CL6RG312785,2024,RAM,2500,Tradesman 4WD Crew Cab Cummins Diesel,51800,35918,,,Gray; Vinyl; 6 Speed Automatic; Cummins 6.7L I6 Turbodiesel; 4WD,https://imagescdn.dealercarsearch.com/Media/1129/24096586/639231772029547993.jpg,https://www.craigandlandrethcars.com/vdp/24096586/Used-2024-RAM-2500-Tradesman-4WD-Crew-Cab-Cummins-Diesel-for-sale-in-Clarksville-IN-47129,Clarksville,812-280-8018,260,MU20971
5GAERBKSXTJ318942,2026,Buick,Enclave,Sport Touring FWD,51588,134,,,"Cherry Red Tintcoat; PERFORATED LEATHERETTE SEAT TRIM; 8-SPEED AUTOMATIC, ELECTRONICALLY CONTROLLED; 4 Cylinder Engine; All Wheel Drive",https://imagescdn.dealercarsearch.com/Media/1123/24193325/639233544308359690.jpg,https://www.craigandlandrethcars.com/vdp/24193325/Used-2026-Buick-Enclave-Sport-Touring-FWD-for-sale-in-Louisville-KY-40207,Louisville,502-447-3450,690,D48394
1FA6P8CF2S5415109,2025,Ford,Mustang,GT Coupe,51300,5757,,,Carbonized Gray; 6-Speed Manual; 99F; RWD,https://imagescdn.dealercarsearch.com/Media/1123/24168640/639233541465085698.jpg,https://www.craigandlandrethcars.com/vdp/24168640/Used-2025-Ford-Mustang-GT-Coupe-for-sale-in-Louisville-KY-40207,Louisville,502-447-3450,690,D48059
4JGFB4FBXSB284809,2025,Mercedes-Benz,GLE-Class,GLE350 4MATIC,51000,4595,,,Polar White; Automatic; 4 Cylinder Engine; 4MATIC,https://imagescdn.dealercarsearch.com/Media/1123/24168750/639233543457631685.jpg,https://www.craigandlandrethcars.com/vdp/24168750/Used-2025-MercedesBenz-GLEClass-GLE350-4MATIC-for-sale-in-Louisville-KY-40207,Louisville,502-447-3450,690,D47842
SALGV5SE2LA594958,2020,Land Rover,Range Rover,P525 Autobiography LWB,50500,60927,,,Santorini Black Metallic; Automatic; 8 Cylinder Engine; Four Wheel Drive,https://imagescdn.dealercarsearch.com/Media/1123/24168800/639233544039924943.jpg,https://www.craigandlandrethcars.com/vdp/24168800/Used-2020-Land-Rover-Range-Rover-P525-Autobiography-LWB-for-sale-in-Louisville-KY-40207,Louisville,502-447-3450,690,D48216A
2T2BAMCA0PC025817,2023,Lexus,RX 350,AWD,49800,28881,,,Eminent White Pearl; Automatic; 4 Cylinder Engine; All Wheel Drive,https://imagescdn.dealercarsearch.com/Media/1123/24168764/639233542470797497.jpg,https://www.craigandlandrethcars.com/vdp/24168764/Used-2023-Lexus-RX-350-AWD-for-sale-in-Louisville-KY-40207,Louisville,502-447-3450,690,D48213
5YJSA1E55PF501851,2023,Tesla,Model S,Long Range,49800,47573,,,BLK; Automatic; Electric Motor; All Wheel Drive,https://imagescdn.dealercarsearch.com/Media/1123/24168783/639233543846794255.jpg,https://www.craigandlandrethcars.com/vdp/24168783/Used-2023-Tesla-Model-S-Long-Range-for-sale-in-Louisville-KY-40207,Louisville,502-447-3450,690,D48272
1V2FN2CA4TC536303,2026,Volkswagen,Atlas,2.0T SEL Premium R-Line,49700,1469,,,White; Leatherette; 8-Speed Automatic with Tiptronic; 2.0L TSI; AWD,https://imagescdn.dealercarsearch.com/Media/1129/24035346/639233644956392158.jpg,https://www.craigandlandrethcars.com/vdp/24035346/Used-2026-Volkswagen-Atlas-20T-SEL-Premium-RLine-for-sale-in-Clarksville-IN-47129,Clarksville,812-280-8018,260,MU20933
WA1LVBF76SD015526,2025,Audi,Q7,Premium Plus 55 TFSI quattro,49500,18577,,,Mythos Black Metallic; Automatic; V6 Cylinder Engine; All Wheel Drive,https://imagescdn.dealercarsearch.com/Media/1123/24168844/639233543296064943.jpg,https://www.craigandlandrethcars.com/vdp/24168844/Used-2025-Audi-Q7-Premium-Plus-55-TFSI-quattro-for-sale-in-Louisville-KY-40207,Louisville,502-447-3450,690,D48071
2T2BAMCA7RC083183,2024,Lexus,RX 350,AWD,49300,13770,,,Gray; Premium Synthetic; 8 Speed Automatic; 2.4L I4 PDI Turbocharged DOHC 16V LEV3-SULEV30 275; AWD,https://imagescdn.dealercarsearch.com/Media/1129/23936033/639233643887386935.jpg,https://www.craigandlandrethcars.com/vdp/23936033/Used-2024-Lexus-RX-350-AWD-for-sale-in-Clarksville-IN-47129,Clarksville,812-280-8018,260,MU20834
1GNSCTKL1MR404426,2021,Chevrolet,Tahoe,High Country,49200,57729,,,Blue; Leather; 10-Speed Automatic with Overdrive; EcoTec3 6.2L V8; RWD,https://imagescdn.dealercarsearch.com/Media/1129/24028603/639233644806518515.jpg,https://www.craigandlandrethcars.com/vdp/24028603/Used-2021-Chevrolet-Tahoe-High-Country-for-sale-in-Clarksville-IN-47129,Clarksville,812-280-8018,260,MU20926
WAUV2BF26NN037615,2022,Audi,A7,3.0 TFSI Prestige quattro,49200,26799,,,Mythos Black Metallic; Automatic; V6 Cylinder Engine; AWD,https://imagescdn.dealercarsearch.com/Media/3833/24239003/639233903751206135.jpg,https://www.craigandlandrethcars.com/vdp/24239003/Used-2022-Audi-A7-30-TFSI-Prestige-quattro-for-sale-in-Bullitt-County-KY-40165,Bullitt County,502-543-6276,690,D48209
KNDNE5K35T6572663,2026,Kia,Carnival,SX Prestige,48900,2438,,,Ceramic Silver; PURE LEATHER SEAT TRIM; 8-Speed Shiftable Automatic; V6 Cylinder Engine; Front Wheel Drive,https://imagescdn.dealercarsearch.com/Media/1123/24168797/639233544073828640.jpg,https://www.craigandlandrethcars.com/vdp/24168797/Used-2026-Kia-Carnival-SX-Prestige-for-sale-in-Louisville-KY-40207,Louisville,502-447-3450,690,D48293
JTEVA5BR2S5067387,2025,Toyota,4Runner,TRD Sport 4WD,48799,7687,,,Supersonic Red; FABRIC SEAT TRIM (FA); 8-Speed Shiftable Automatic; 4 Cylinder Engine; Four Wheel Drive,https://imagescdn.dealercarsearch.com/Media/1123/24235036/639236132875104754.jpg,https://www.craigandlandrethcars.com/vdp/24235036/Used-2025-Toyota-4Runner-TRD-Sport-4WD-for-sale-in-Louisville-KY-40207,Louisville,502-447-3450,690,D48289
2T2BAMCA2PC015869,2023,Lexus,RX 350,Premium Plus AWD,48200,30054,,,White; Leather; 8 Speed Automatic; 2.4L I4 PDI Turbocharged DOHC 16V LEV3-SULEV30 275; AWD,https://imagescdn.dealercarsearch.com/Media/1129/23936037/639233643958280595.jpg,https://www.craigandlandrethcars.com/vdp/23936037/Used-2023-Lexus-RX-350-Premium-Plus-AWD-for-sale-in-Clarksville-IN-47129,Clarksville,812-280-8018,260,MU20833
3C6TR5EJ3NG387493,2022,RAM,2500,Power Wagon Crew Cab SWB 4WD,48111,62170,,,Delmonico Red Pearlcoat; Automatic; 8 Cylinder Engine; 4WD,https://imagescdn.dealercarsearch.com/Media/3833/24219496/639233615443793392.jpg,https://www.craigandlandrethcars.com/vdp/24219496/Used-2022-RAM-2500-Power-Wagon-Crew-Cab-SWB-4WD-for-sale-in-Bullitt-County-KY-40165,Bullitt County,502-543-6276,690,D47792B
2T2BAMCAXPC029289,2023,Lexus,RX 350,AWD,48000,56423,,,Iridium; Automatic; 4 Cylinder Engine; All Wheel Drive,https://imagescdn.dealercarsearch.com/Media/1123/24168767/639233542660812017.jpg,https://www.craigandlandrethcars.com/vdp/24168767/Used-2023-Lexus-RX-350-AWD-for-sale-in-Louisville-KY-40207,Louisville,502-447-3450,690,D48147A
3C63R3DL9NG353050,2022,RAM,3500,Big Horn Crew Cab SWB 4WD,47888,72751,,,Bright White; 6 Speed Automatic; Straight 6 Cylinder Engine; 4WD,https://imagescdn.dealercarsearch.com/Media/3833/24218183/639233615040850939.jpg,https://www.craigandlandrethcars.com/vdp/24218183/Used-2022-RAM-3500-Big-Horn-Crew-Cab-SWB-4WD-for-sale-in-Bullitt-County-KY-40165,Bullitt County,502-543-6276,690,D48078A
3TMLB5JN4TM292378,2026,Toyota,Tacoma,TRD Sport Double Cab 4WD,47500,15,,,Underground; 2.4L L4 DOHC 16V; Four Wheel Drive,https://imagescdn.dealercarsearch.com/Media/1123/24213981/639233542930345719.jpg,https://www.craigandlandrethcars.com/vdp/24213981/Used-2026-Toyota-Tacoma-TRD-Sport-Double-Cab-4WD-for-sale-in-Louisville-KY-40207,Louisville,502-447-3450,690,D48439
3MW33CM05T8G12699,2026,BMW,2-Series,230i xDrive Coupe,47362,1353,,,Portimao Blue Metallic; PERFORATED SENSATEC UPHOLSTERY; Automatic; 4 Cylinder Engine; All Wheel Drive,https://imagescdn.dealercarsearch.com/Media/1123/24168804/639233544081532431.jpg,https://www.craigandlandrethcars.com/vdp/24168804/Used-2026-BMW-2Series-230i-xDrive-Coupe-for-sale-in-Louisville-KY-40207,Louisville,502-447-3450,690,D48302
1GCPTFEK1S1203592,2025,Chevrolet,Colorado,ZR2 Crew Cab 4WD,46750,15877,,,Reef Blue Metallic; PERFORATED LEATHER-APPOINTED FRONT SEAT TRIM; 8-SPEED AUTOMATIC; 4 Cylinder Engine; Four Wheel Drive,https://imagescdn.dealercarsearch.com/Media/1123/24168675/639233542160115629.jpg,https://www.craigandlandrethcars.com/vdp/24168675/Used-2025-Chevrolet-Colorado-ZR2-Crew-Cab-4WD-for-sale-in-Louisville-KY-40207,Louisville,502-447-3450,690,D48155
1GTRUJEK7TZ122849,2026,GMC,Sierra 1500,Elevation Double Cab 4WD,46700,2385,,,Silver; Cloth; 8 Speed Automatic; 2.7L I4 Turbocharged DOHC 16V LEV3-SULEV30 310hp; 4WD,https://imagescdn.dealercarsearch.com/Media/1129/23983995/639233643941508141.jpg,https://www.craigandlandrethcars.com/vdp/23983995/Used-2026-GMC-Sierra-1500-Elevation-Double-Cab-4WD-for-sale-in-Clarksville-IN-47129,Clarksville,812-280-8018,260,MU20876
1C4RDJDG2TC213401,2026,Dodge,Durango,GT Plus,45900,9015,,,White; Leather; 8 Speed Automatic; 3.6L V6 24V VVT; AWD,https://imagescdn.dealercarsearch.com/Media/1129/24096543/639233645176277949.jpg,https://www.craigandlandrethcars.com/vdp/24096543/Used-2026-Dodge-Durango-GT-Plus-for-sale-in-Clarksville-IN-47129,Clarksville,812-280-8018,260,MU20964
1GTP6FEK2P1124768,2023,GMC,Canyon,Denali Crew Cab 4WD,45722,10709,,,Summit White; 8 Speed Automatic; 4 Cylinder Engine; 4WD,https://imagescdn.dealercarsearch.com/Media/3833/24224031/639233615644628651.jpg,https://www.craigandlandrethcars.com/vdp/24224031/Used-2023-GMC-Canyon-Denali-Crew-Cab-4WD-for-sale-in-Bullitt-County-KY-40165,Bullitt County,502-543-6276,690,D48386
3GTPUJEKXRG429108,2024,GMC,Sierra 1500,Elevation Crew Cab 4WD,45500,21391,,,Gray; Cloth; 8 Speed Automatic; 2.7L I4 Turbocharged DOHC 16V LEV3-SULEV30 310hp; 4WD,https://imagescdn.dealercarsearch.com/Media/1129/23829677/639141339597835824.jpg,https://www.craigandlandrethcars.com/vdp/23829677/Used-2024-GMC-Sierra-1500-Elevation-Crew-Cab-4WD-for-sale-in-Clarksville-IN-47129,Clarksville,812-280-8018,260,MU20774
1C4PJXDG0TW277079,2026,Jeep,Wrangler,Willys,45300,2344,,,White; Cloth; 8 Speed Automatic; 3.6L V6 24V VVT; 4WD,https://imagescdn.dealercarsearch.com/Media/1129/24228990/639235659908015005.jpg,https://www.craigandlandrethcars.com/vdp/24228990/Used-2026-Jeep-Wrangler-Willys-for-sale-in-Clarksville-IN-47129,Clarksville,812-280-8018,260,MU21004A
JN1BZ4BH8RM363437,2024,Nissan,Z,Performance,45300,7521,,,White; Leather; 6 Speed Manual; 3.0L V6; RWD,https://imagescdn.dealercarsearch.com/Media/1129/24109075/639233645173757407.jpg,https://www.craigandlandrethcars.com/vdp/24109075/Used-2024-Nissan-Z-Performance-for-sale-in-Clarksville-IN-47129,Clarksville,812-280-8018,260,MU20941A
1C6RJTBG2SL543374,2025,Jeep,Gladiator,Rubicon 4x4,45100,2110,,,Gray; Cloth; 8 Speed Automatic; 3.6L V6 24V VVT; 4WD,https://imagescdn.dealercarsearch.com/Media/1129/23772608/639223275918287303.jpg,https://www.craigandlandrethcars.com/vdp/23772608/Used-2025-Jeep-Gladiator-Rubicon-4x4-for-sale-in-Clarksville-IN-47129,Clarksville,812-280-8018,260,MU20692
5LMPJ8JAXRJ844905,2024,Lincoln,Nautilus,Premiere,44750,37980,,,Infinite Black Metallic Clearcoat; 8-SPEED AUTOMATIC W/SELECTSHIFT; 4 Cylinder Engine; All Wheel Drive,https://imagescdn.dealercarsearch.com/Media/1123/24168817/639233544113517093.jpg,https://www.craigandlandrethcars.com/vdp/24168817/Used-2024-Lincoln-Nautilus-Premiere-for-sale-in-Louisville-KY-40207,Louisville,502-447-3450,690,D47964A
1GNSKTKL5MR262519,2021,Chevrolet,Tahoe,High Country 4WD,44536,95617,,,Black; PERFORATED LEATHER SEATING SURFACES 1ST AND 2ND RO; Automatic; 8 Cylinder Engine; 4WD,https://imagescdn.dealercarsearch.com/Media/3833/24218156/639233614940483765.jpg,https://www.craigandlandrethcars.com/vdp/24218156/Used-2021-Chevrolet-Tahoe-High-Country-4WD-for-sale-in-Bullitt-County-KY-40165,Bullitt County,502-543-6276,690,D47657C
1G1YA2D77H5116726,2017,Chevrolet,Corvette,1LT,44447,27285,,,Gray; Leather; 7-Speed Manual with Active Rev Matching; 6.2L V8; RWD,https://imagescdn.dealercarsearch.com/Media/1129/24045350/639223275937193867.jpg,https://www.craigandlandrethcars.com/vdp/24045350/Used-2017-Chevrolet-Corvette-1LT-for-sale-in-Clarksville-IN-47129,Clarksville,812-280-8018,260,MU20542B
WP0AB29947S733078,2007,Porsche,911,Carrera 4S,43950,118620,,,Not Specified; 6-SPEED MANUAL TRANSMISSION; Flat 6 Cylinder Engine; All Wheel Drive,https://imagescdn.dealercarsearch.com/Media/1123/24168833/639233542931598624.jpg,https://www.craigandlandrethcars.com/vdp/24168833/Used-2007-Porsche-911-Carrera-4S-for-sale-in-Louisville-KY-40207,Louisville,502-447-3450,690,D48345
1C6JJTBG6RL117033,2024,Jeep,Gladiator,Rubicon,43275,30957,,,Bright White Clearcoat; 8-SPEED AUTOMATIC (850RE); V6 Cylinder Engine; Four Wheel Drive,https://imagescdn.dealercarsearch.com/Media/1123/24205241/639233541306588934.jpg,https://www.craigandlandrethcars.com/vdp/24205241/Used-2024-Jeep-Gladiator-Rubicon-for-sale-in-Louisville-KY-40207,Louisville,502-447-3450,690,D48373A
1GNERNKW3PJ201090,2023,Chevrolet,Traverse,High Country,42800,26747,,,Radiant Red Tintcoat; PERFORATED LEATHER-APPOINTED SEAT TRIM; 9-SPEED AUTOMATIC; V6 Cylinder Engine; Front Wheel Drive,https://imagescdn.dealercarsearch.com/Media/1123/24168707/639236563773998243.jpg,https://www.craigandlandrethcars.com/vdp/24168707/Used-2023-Chevrolet-Traverse-High-Country-for-sale-in-Louisville-KY-40207,Louisville,502-447-3450,690,D48321
1GT424E81FF536527,2015,GMC,Sierra 3500HD,Denali Crew Cab 4WD,42777,117146,,,Summit White; PERFORATED LEATHER-APPOINTED SEAT TRIM; 6 Speed Automatic; 8 Cylinder Engine; 4WD,https://imagescdn.dealercarsearch.com/Media/3833/24218157/639233614739450157.jpg,https://www.craigandlandrethcars.com/vdp/24218157/Used-2015-GMC-Sierra-3500HD-Denali-Crew-Cab-4WD-for-sale-in-Bullitt-County-KY-40165,Bullitt County,502-543-6276,690,D48142
1C6SRFMP0SN679550,2025,RAM,1500,Big Horn/Lone Star,42400,5881,,,Red; Cloth; 8 Speed Automatic; 3.0L I6; 4WD,https://imagescdn.dealercarsearch.com/Media/1129/23948018/639233499865895404.jpg,https://www.craigandlandrethcars.com/vdp/23948018/Used-2025-RAM-1500-Big-HornLone-Star-for-sale-in-Clarksville-IN-47129,Clarksville,812-280-8018,260,MU20855
JTEJU5JR9M5854959,2021,Toyota,4Runner,Nightshade 4WD,42400,65404,,,White; Leather; 5 Speed Automatic; 4.0L V6 SMPI DOHC; 4WD,https://imagescdn.dealercarsearch.com/Media/1129/24039223/639233644973734981.jpg,https://www.craigandlandrethcars.com/vdp/24039223/Used-2021-Toyota-4Runner-Nightshade-4WD-for-sale-in-Clarksville-IN-47129,Clarksville,812-280-8018,260,MU20935A
1N6AA1ED9MN519055,2021,Nissan,Titan,PRO-4X Crew Cab 4WD,41800,34095,,,Baja Storm; SEAT TRIM; Automatic; 8 Cylinder Engine; 4WD,https://imagescdn.dealercarsearch.com/Media/3833/24218160/639233615041090491.jpg,https://www.craigandlandrethcars.com/vdp/24218160/Used-2021-Nissan-Titan-PRO4X-Crew-Cab-4WD-for-sale-in-Bullitt-County-KY-40165,Bullitt County,502-543-6276,690,D48157
SALEJ7EX3P2141850,2023,Land Rover,Defender,S,41800,65022,,,White; Leather; 8 Speed Automatic; 2.0L Turbocharged; 4WD,https://imagescdn.dealercarsearch.com/Media/1129/23851037/639233643927204667.jpg,https://www.craigandlandrethcars.com/vdp/23851037/Used-2023-Land-Rover-Defender-S-for-sale-in-Clarksville-IN-47129,Clarksville,812-280-8018,260,MU20763
4JGFB4KBXPA923712,2023,Mercedes-Benz,GLE-Class,GLE350 4MATIC,41688,55080,,,Black; Automatic; 4 Cylinder Engine; 4MATIC,https://imagescdn.dealercarsearch.com/Media/1123/24168794/639233544009199239.jpg,https://www.craigandlandrethcars.com/vdp/24168794/Used-2023-MercedesBenz-GLEClass-GLE350-4MATIC-for-sale-in-Louisville-KY-40207,Louisville,502-447-3450,690,D48240A
7SAYGDED6RF045575,2024,Tesla,Model Y,Performance,41400,6487,,,Pearl White Multi-Coat; Automatic; Electric Motor; Rear Wheel Drive,https://imagescdn.dealercarsearch.com/Media/1123/24168790/639233543892955355.jpg,https://www.craigandlandrethcars.com/vdp/24168790/Used-2024-Tesla-Model-Y-Performance-for-sale-in-Louisville-KY-40207,Louisville,502-447-3450,690,D48287
1N6ED1FK8TN606594,2026,Nissan,Frontier,PRO-4X,41400,4957,,,Orange; Leather; 9-Speed Automatic with Overdrive; 3.8L DI DOHC 24V V6; 4WD,https://imagescdn.dealercarsearch.com/Media/1129/23989320/639233643974355087.jpg,https://www.craigandlandrethcars.com/vdp/23989320/Used-2026-Nissan-Frontier-PRO4X-for-sale-in-Clarksville-IN-47129,Clarksville,812-280-8018,260,MU20888
1C6SRFGP4SN635322,2025,RAM,1500,Warlock 4WD Crew Cab,40800,35123,,,White; Cloth; 8 Speed Automatic; 3.0L I6; 4WD,https://imagescdn.dealercarsearch.com/Media/1129/24083198/639233645123497695.jpg,https://www.craigandlandrethcars.com/vdp/24083198/Used-2025-RAM-1500-Warlock-4WD-Crew-Cab-for-sale-in-Clarksville-IN-47129,Clarksville,812-280-8018,260,MU20958
JTENU5JR5N6011158,2022,Toyota,4Runner,SR5 Premium 4WD,40800,53347,,,Red; Premium Synthetic; 5-Speed with ECT; 4.0L V6 DOHC 24V; 4WD,https://imagescdn.dealercarsearch.com/Media/1129/23989336/639233643975136354.jpg,https://www.craigandlandrethcars.com/vdp/23989336/Used-2022-Toyota-4Runner-SR5-Premium-4WD-for-sale-in-Clarksville-IN-47129,Clarksville,812-280-8018,260,MU20889
1C4RJKAG0S8744214,2025,Jeep,Grand Cherokee L,Altitude X,40500,3116,,,White; Premium Synthetic; 8 Speed Automatic; 3.6L V6 24V VVT; 4WD,https://imagescdn.dealercarsearch.com/Media/1129/24051698/639233645014927717.jpg,https://www.craigandlandrethcars.com/vdp/24051698/Used-2025-Jeep-Grand-Cherokee-L-Altitude-X-for-sale-in-Clarksville-IN-47129,Clarksville,812-280-8018,260,MU20943
1FTFW1ED7PFC75186,2023,Ford,F-150,XLT SuperCrew 5.5-ft. Bed 4WD,40500,80425,,,Carbonized Gray; Automatic; V6 Cylinder Engine; 4WD,https://imagescdn.dealercarsearch.com/Media/3833/24227787/639233615544032915.jpg,https://www.craigandlandrethcars.com/vdp/24227787/Used-2023-Ford-F150-XLT-SuperCrew-55ft-Bed-4WD-for-sale-in-Bullitt-County-KY-40165,Bullitt County,502-543-6276,690,D48406
3TYLB5JN3RT017954,2024,Toyota,Tacoma 4WD,TRD Off-Road 4WD,40300,38816,,,Silver; Cloth; 8 Speed Automatic; 2.4L 4-Cylinder; 4WD,https://imagescdn.dealercarsearch.com/Media/1129/24110608/639233645203337226.jpg,https://www.craigandlandrethcars.com/vdp/24110608/Used-2024-Toyota-Tacoma-4WD-TRD-OffRoad-4WD-for-sale-in-Clarksville-IN-47129,Clarksville,812-280-8018,260,MU20966
JTJAGCEZ5R5007578,2024,Lexus,NX,350 AWD,40250,31739,,,Eminent White Pearl; Automatic; 4 Cylinder Engine; All Wheel Drive,https://imagescdn.dealercarsearch.com/Media/1123/24168773/639233543796792733.jpg,https://www.craigandlandrethcars.com/vdp/24168773/Used-2024-Lexus-NX-350-AWD-for-sale-in-Louisville-KY-40207,Louisville,502-447-3450,690,D48244
1C4RJYB65S8664478,2025,Jeep,Grand Cherokee 4xe,Base,39990,3792,,,Diamond Black Crystal Pearlcoat; 8-SPEED AUTOMATIC 8P75PH PHEV; 4 Cylinder Engine; Four Wheel Drive,https://imagescdn.dealercarsearch.com/Media/1123/24168629/639233541240226527.jpg,https://www.craigandlandrethcars.com/vdp/24168629/Used-2025-Jeep-Grand-Cherokee-4xe-Base-for-sale-in-Louisville-KY-40207,Louisville,502-447-3450,690,D48067
5N1AZ3CSXTC105121,2026,Nissan,Murano,SL AWD,39800,7738,,,Champagne Silver Metallic; PRIMA-TEX LEATHERETTE SEAT TRIM W/PERFORATION; Automatic; 4 Cylinder Engine; All Wheel Drive,https://imagescdn.dealercarsearch.com/Media/1123/24235054/639234698835156408.jpg,https://www.craigandlandrethcars.com/vdp/24235054/Used-2026-Nissan-Murano-SL-AWD-for-sale-in-Louisville-KY-40207,Louisville,502-447-3450,690,D48420
JTHBZ1BL0KA018103,2019,Lexus,GS,350 RWD,39800,37033,,,Ultra White; Automatic; V6 Cylinder Engine; Rear Wheel Drive,https://imagescdn.dealercarsearch.com/Media/1123/24248078/639235562996138276.jpg,https://www.craigandlandrethcars.com/vdp/24248078/Used-2019-Lexus-GS-350-RWD-for-sale-in-Louisville-KY-40207,Louisville,502-447-3450,690,D47925B
1FMUK8KH4SGB32181,2025,Ford,Explorer,ST-Line AWD,39800,30131,,,Carbonized Gray; 10-SPEED AUTOMATIC; 4 Cylinder Engine; Four Wheel Drive,https://imagescdn.dealercarsearch.com/Media/1123/24193295/639233542130245253.jpg,https://www.craigandlandrethcars.com/vdp/24193295/Used-2025-Ford-Explorer-STLine-AWD-for-sale-in-Louisville-KY-40207,Louisville,502-447-3450,690,D48389
5N1AZ3CS0TC102387,2026,Nissan,Murano,SL AWD,39800,9970,,,Aurora Blue Pearl Metallic; PRIMA-TEX LEATHERETTE SEAT TRIM W/PERFORATION; Automatic; 4 Cylinder Engine; All Wheel Drive,https://imagescdn.dealercarsearch.com/Media/1123/24193327/639233544371243292.jpg,https://www.craigandlandrethcars.com/vdp/24193327/Used-2026-Nissan-Murano-SL-AWD-for-sale-in-Louisville-KY-40207,Louisville,502-447-3450,690,D48393
5N1DR3DH4SC238018,2025,Nissan,Pathfinder,Platinum,39500,21794,,,Baja Storm Metallic; SEMI-ANILINE LEATHER-APPOINTED SEATING SURFACES; Automatic; V6 Cylinder Engine; Front Wheel Drive,https://imagescdn.dealercarsearch.com/Media/1123/24193328/639233544731715319.jpg,https://www.craigandlandrethcars.com/vdp/24193328/Used-2025-Nissan-Pathfinder-Platinum-for-sale-in-Louisville-KY-40207,Louisville,502-447-3450,690,D48395
1GCNKREC2JZ302443,2018,Chevrolet,Silverado 1500,LT LT1 Long Bed,39500,21207,,,White; Cloth; 6 Speed Automatic; EcoTec3 5.3L V8; 4WD,https://imagescdn.dealercarsearch.com/Media/1129/24204785/639234795750533019.jpg,https://www.craigandlandrethcars.com/vdp/24204785/Used-2018-Chevrolet-Silverado-1500-LT-LT1-Long-Bed-for-sale-in-Clarksville-IN-47129,Clarksville,812-280-8018,260,MU21032
5J8TC2H89PL017397,2023,Acura,RDX,A-Spec and Advance Packages,39400,25510,,,Apex Blue Pearl; PERFORATED MILANO PREMIUM LEATHER-TRIMMED INTERIOR; Automatic; 4 Cylinder Engine; AWD,https://imagescdn.dealercarsearch.com/Media/3833/24224036/639234186559548363.jpg,https://www.craigandlandrethcars.com/vdp/24224036/Used-2023-Acura-RDX-ASpec-and-Advance-Packages-for-sale-in-Bullitt-County-KY-40165,Bullitt County,502-543-6276,690,D48206
2T2HZMDA1NC351706,2022,Lexus,RX 350,AWD,39300,66145,,,Silver; Premium Synthetic; 8 Speed Automatic; 3.5L V6 DOHC 24V; AWD,https://imagescdn.dealercarsearch.com/Media/1129/24005711/639233643939014903.jpg,https://www.craigandlandrethcars.com/vdp/24005711/Used-2022-Lexus-RX-350-AWD-for-sale-in-Clarksville-IN-47129,Clarksville,812-280-8018,260,MU20856A
1GCUDEEDXNZ582822,2022,Chevrolet,Silverado 1500,RST,39000,63174,,,Red; Cloth; 10 Speed; EcoTec3 5.3L V8; 4WD,https://imagescdn.dealercarsearch.com/Media/1129/24126831/639233645372036792.jpg,https://www.craigandlandrethcars.com/vdp/24126831/Used-2022-Chevrolet-Silverado-1500-RST-for-sale-in-Clarksville-IN-47129,Clarksville,812-280-8018,260,MU20794A
1C6PJTAGXSL529831,2025,Jeep,Gladiator,High Tide 4x4,38800,5531,,,White; Leather; 8 Speed Automatic; 3.6L V6 24V VVT; 4WD,https://imagescdn.dealercarsearch.com/Media/1129/23851005/639233643885626349.jpg,https://www.craigandlandrethcars.com/vdp/23851005/Used-2025-Jeep-Gladiator-High-Tide-4x4-for-sale-in-Clarksville-IN-47129,Clarksville,812-280-8018,260,MU20758
3C63R3JL9JG311055,2018,RAM,3500,Laramie Crew Cab LWB 4WD,38800,140392,,,Brilliant Black Crystal Pearlcoat; 6-SPEED AUTOMATIC 68RFE; Straight 6 Cylinder Engine; 4WD,https://imagescdn.dealercarsearch.com/Media/3833/24243820/639234767708397720.jpg,https://www.craigandlandrethcars.com/vdp/24243820/Used-2018-RAM-3500-Laramie-Crew-Cab-LWB-4WD-for-sale-in-Bullitt-County-KY-40165,Bullitt County,502-543-6276,690,D46533B
3GCPDKEK2RG306506,2024,Chevrolet,Silverado 1500,LT,38800,19033,,,White; Cloth; 8 Speed Automatic; 2.7L I4 Turbocharged DOHC 16V LEV3-SULEV30 310hp; 4WD,https://imagescdn.dealercarsearch.com/Media/1129/24217858/639231772058378018.jpg,https://www.craigandlandrethcars.com/vdp/24217858/Used-2024-Chevrolet-Silverado-1500-LT-for-sale-in-Clarksville-IN-47129,Clarksville,812-280-8018,260,MU21049
3GCPDKEK7RG315380,2024,Chevrolet,Silverado 1500,LT,38700,15370,,,Blue; Cloth; 8 Speed Automatic; 2.7L I4 Turbocharged DOHC 16V LEV3-SULEV30 310hp; 4WD,https://imagescdn.dealercarsearch.com/Media/1129/24217850/639236091944501287.jpg,https://www.craigandlandrethcars.com/vdp/24217850/Used-2024-Chevrolet-Silverado-1500-LT-for-sale-in-Clarksville-IN-47129,Clarksville,812-280-8018,260,MU21050
5NTJEDDF0TH160237,2026,Hyundai,Santa Cruz,Limited,38700,576,,,Black; Leather; 8-Speed Automatic with SHIFTRONIC; 2.5L I4; AWD,https://imagescdn.dealercarsearch.com/Media/1129/24001846/639233643950925725.jpg,https://www.craigandlandrethcars.com/vdp/24001846/Used-2026-Hyundai-Santa-Cruz-Limited-for-sale-in-Clarksville-IN-47129,Clarksville,812-280-8018,260,MU20903
1FDWE3FK2PDD32042,2023,Ford,Econoline,E-350 Super Duty,38650,13719,,,Not Specified; 7.3LV8 OHV 16V; RWD,https://imagescdn.dealercarsearch.com/Media/1123/24168635/639233541419405437.jpg,https://www.craigandlandrethcars.com/vdp/24168635/Used-2023-Ford-Econoline-E350-Super-Duty-for-sale-in-Louisville-KY-40207,Louisville,502-447-3450,690,d48337
1FDWE3FK8PDD14838,2023,Ford,Econoline,E-350 Super Duty,38614,14114,,,Oxford White; 6-SPEED O/D W/TOW HAUL; 8 Cylinder Engine; RWD,https://imagescdn.dealercarsearch.com/Media/3833/24243812/639234767507885914.jpg,https://www.craigandlandrethcars.com/vdp/24243812/Used-2023-Ford-Econoline-E350-Super-Duty-for-sale-in-Bullitt-County-KY-40165,Bullitt County,502-543-6276,690,D48338
5N1AZ3CS5SC127073,2025,Nissan,Murano,SL AWD,38500,9087,,,Everest White Pearl Tricoat; PVC (LEATHERETTE) SEAT TRIM; Automatic; 4 Cylinder Engine; All Wheel Drive,https://imagescdn.dealercarsearch.com/Media/1123/24168815/639233544108961090.jpg,https://www.craigandlandrethcars.com/vdp/24168815/Used-2025-Nissan-Murano-SL-AWD-for-sale-in-Louisville-KY-40207,Louisville,502-447-3450,690,D48325
2C4RC1GGXTR232414,2026,Chrysler,Pacifica,Limited,38100,16837,,,White; Leather; 9 Speed Automatic; 3.6L V6 24V VVT; FWD,https://imagescdn.dealercarsearch.com/Media/1129/23979099/639233643956977053.jpg,https://www.craigandlandrethcars.com/vdp/23979099/Used-2026-Chrysler-Pacifica-Limited-for-sale-in-Clarksville-IN-47129,Clarksville,812-280-8018,260,MU20895
1FTBR1Y87SKA71914,2025,Ford,Transit,250 Van,37990,16081,,,Oxford White; 10-Speed Shiftable Automatic; V6 Cylinder Engine; Rear Wheel Drive,https://imagescdn.dealercarsearch.com/Media/1123/24168663/639233541920284470.jpg,https://www.craigandlandrethcars.com/vdp/24168663/Used-2025-Ford-Transit-250-Van-for-sale-in-Louisville-KY-40207,Louisville,502-447-3450,690,D48264
1N6ED1EK5RN604960,2024,Nissan,Frontier,PRO-4X Crew Cab 4WD,37750,21089,,,Boulder Gray Pearl; PRO EMBROIDERED PREMIUM CLOTH SEAT TRIM; Automatic; V6 Cylinder Engine; Four Wheel Drive,https://imagescdn.dealercarsearch.com/Media/1123/24168710/639233542807319976.jpg,https://www.craigandlandrethcars.com/vdp/24168710/Used-2024-Nissan-Frontier-PRO4X-Crew-Cab-4WD-for-sale-in-Louisville-KY-40207,Louisville,502-447-3450,690,D48339
YV4L12UC9T2740193,2026,Volvo,XC40,B5 Plus Dark AWD,37733,10146,,,SIL; Automatic; 4 Cylinder Engine; AWD,https://imagescdn.dealercarsearch.com/Media/3833/24218202/639233615242071816.jpg,https://www.craigandlandrethcars.com/vdp/24218202/Used-2026-Volvo-XC40-B5-Plus-Dark-AWD-for-sale-in-Bullitt-County-KY-40165,Bullitt County,502-543-6276,690,D48292
1GCPKBEK3SZ304680,2025,Chevrolet,Silverado 1500,Custom,37700,19888,,,White; Cloth; 8 Speed Automatic; 2.7L I4 Turbocharged DOHC 16V LEV3-SULEV30 310hp; 4WD,https://imagescdn.dealercarsearch.com/Media/1129/24217841/639233646349560437.jpg,https://www.craigandlandrethcars.com/vdp/24217841/Used-2025-Chevrolet-Silverado-1500-Custom-for-sale-in-Clarksville-IN-47129,Clarksville,812-280-8018,260,MU21046
1GTG6EENXN1224568,2022,GMC,Canyon,Denali Crew Cab 4WD,37700,27963,,,Gray; Leather; 8 Speed Automatic; V6; 4WD,https://imagescdn.dealercarsearch.com/Media/1129/24152900/639233645617704719.jpg,https://www.craigandlandrethcars.com/vdp/24152900/Used-2022-GMC-Canyon-Denali-Crew-Cab-4WD-for-sale-in-Clarksville-IN-47129,Clarksville,812-280-8018,260,MU20788A
YV4L12RL6R1777841,2024,Volvo,XC60,B5 Plus Dark AWD,37588,28977,,,Denim Blue Metallic; Automatic; 4 Cylinder Engine; All Wheel Drive,https://imagescdn.dealercarsearch.com/Media/1123/24168849/639233543785647862.jpg,https://www.craigandlandrethcars.com/vdp/24168849/Used-2024-Volvo-XC60-B5-Plus-Dark-AWD-for-sale-in-Louisville-KY-40207,Louisville,502-447-3450,690,D48229
2C3CDXCT1NH198028,2022,Dodge,Charger,R/T,37500,30630,,,Orange; Leather; 8 Speed Automatic; HEMI 5.7L V8 Multi Displacement VVT; RWD,https://imagescdn.dealercarsearch.com/Media/1129/24175617/639232779663113752.jpg,https://www.craigandlandrethcars.com/vdp/24175617/Used-2022-Dodge-Charger-RT-for-sale-in-Clarksville-IN-47129,Clarksville,812-280-8018,260,MU21001
3C6LRVDG5TE152575,2026,RAM,Promaster,2500 High Roof 159-in. WB,37000,15840,,,Bright White Clearcoat; TORQUEFLITE FWD; V6 Cylinder Engine; Front Wheel Drive,https://imagescdn.dealercarsearch.com/Media/1123/24168741/639233542327144192.jpg,https://www.craigandlandrethcars.com/vdp/24168741/Used-2026-RAM-Promaster-2500-High-Roof-159in-WB-for-sale-in-Louisville-KY-40207,Louisville,502-447-3450,690,D48079
1GTU9FEL0MZ163746,2021,GMC,Sierra 1500,Denali Ultimate 4WD Crew Cab,37000,100420,,,White; Leather; 10 Speed; EcoTec3 6.2L V8; 4WD,https://imagescdn.dealercarsearch.com/Media/1129/24113695/639233499886940783.jpg,https://www.craigandlandrethcars.com/vdp/24113695/Used-2021-GMC-Sierra-1500-Denali-Ultimate-4WD-Crew-Cab-for-sale-in-Clarksville-IN-47129,Clarksville,812-280-8018,260,MU20738A
KM8R7DHE8NU387628,2022,Hyundai,Palisade,Calligraphy AWD,36850,42465,,,Abyss Black Pearl; PREMIUM NAPPA LEATHER SEAT TRIM; Automatic; V6 Cylinder Engine; All Wheel Drive,https://imagescdn.dealercarsearch.com/Media/1123/24235066/639233543372460032.jpg,https://www.craigandlandrethcars.com/vdp/24235066/Used-2022-Hyundai-Palisade-Calligraphy-AWD-for-sale-in-Louisville-KY-40207,Louisville,502-447-3450,690,D48110
1GNERKKW6PJ179178,2023,Chevrolet,Traverse,Premier FWD,36800,41474,,,Mosaic Black Metallic; PERFORATED LEATHER-APPOINTED SEAT TRIM; 9 Speed Automatic; V6 Cylinder Engine; FWD,https://imagescdn.dealercarsearch.com/Media/3833/24219490/639233615443793392.jpg,https://www.craigandlandrethcars.com/vdp/24219490/Used-2023-Chevrolet-Traverse-Premier-FWD-for-sale-in-Bullitt-County-KY-40165,Bullitt County,502-543-6276,690,D48369
1GCRKAED4SZ218167,2025,Chevrolet,Silverado 1500,Work Truck Double Cab 4WD,36800,12497,,,Red; Cloth; 10 Speed; EcoTec3 5.3L V8; 4WD,https://imagescdn.dealercarsearch.com/Media/1129/23973254/639233643916663883.jpg,https://www.craigandlandrethcars.com/vdp/23973254/Used-2025-Chevrolet-Silverado-1500-Work-Truck-Double-Cab-4WD-for-sale-in-Clarksville-IN-47129,Clarksville,812-280-8018,260,MU20867
W1K5J4HB4PN391611,2023,Mercedes-Benz,CLA-Class,CLA250 4MATIC,36777,14787,,,Rose Gold Metallic; Automatic; 4 Cylinder Engine; 4WD,https://imagescdn.dealercarsearch.com/Media/3833/24218171/639233615041090491.jpg,https://www.craigandlandrethcars.com/vdp/24218171/Used-2023-MercedesBenz-CLAClass-CLA250-4MATIC-for-sale-in-Bullitt-County-KY-40165,Bullitt County,502-543-6276,690,D48018A
2T3P1RFV5SC537109,2025,Toyota,RAV4,XLE AWD,36500,32878,,,Silver Sky Metallic; FABRIC SEAT TRIM; 8-Speed Automatic w/Sequential Shift Mode; 4 Cylinder Engine; All Wheel Drive,https://imagescdn.dealercarsearch.com/DealerImages/1123/1123_newarrivalphoto.jpg,https://www.craigandlandrethcars.com/vdp/24235414/Used-2025-Toyota-RAV4-XLE-AWD-for-sale-in-Louisville-KY-40207,Louisville,502-447-3450,690,D48456
5XYRH4JF2SG328415,2025,Kia,Sorento,EX,36400,17057,,,Gray; Premium Synthetic; 8 Speed Dual Clutch; 2.5L I4 DGI Turbocharged DOHC 16V LEV3-SULEV30 281; FWD,https://imagescdn.dealercarsearch.com/Media/1129/24184782/639223275964778051.jpg,https://www.craigandlandrethcars.com/vdp/24184782/Used-2025-Kia-Sorento-EX-for-sale-in-Clarksville-IN-47129,Clarksville,812-280-8018,260,MU21008
1G6DX5RK9P0132492,2023,Cadillac,CT5,Luxury+ AWD,36333,28820,,,Black Raven; INTELUXE SEATS; Automatic; 4 Cylinder Engine; AWD,https://imagescdn.dealercarsearch.com/Media/3833/24218149/639233614839766663.jpg,https://www.craigandlandrethcars.com/vdp/24218149/Used-2023-Cadillac-CT5-Luxury-AWD-for-sale-in-Bullitt-County-KY-40165,Bullitt County,502-543-6276,690,D48166
JTHGZ1E2XM5018338,2021,Lexus,IS 350,F Sport AWD,36300,81744,,,White; Premium Synthetic; 6 Speed Automatic; 3.5L V6 DOHC Dual VVT-i 24V; AWD,https://imagescdn.dealercarsearch.com/Media/1129/24056511/639233645002227974.jpg,https://www.craigandlandrethcars.com/vdp/24056511/Used-2021-Lexus-IS-350-F-Sport-AWD-for-sale-in-Clarksville-IN-47129,Clarksville,812-280-8018,260,MU20883A
5UXCX6C08L9B64413,2020,BMW,X7,M50i,36280,78963,,,Mineral White Metallic; VERNASCA LEATHER UPHOLSTERY; Automatic; 8 Cylinder Engine; All Wheel Drive,https://imagescdn.dealercarsearch.com/Media/1123/24168789/639233543878505396.jpg,https://www.craigandlandrethcars.com/vdp/24168789/Used-2020-BMW-X7-M50i-for-sale-in-Louisville-KY-40207,Louisville,502-447-3450,690,D48286
W1K3G5BB0LJ205729,2020,Mercedes-Benz,A-Class,AMG A 35,35900,32766,,,Mountain Grey Metallic; Auto-Shift Manual; 4 Cylinder Engine; 4MATIC,https://imagescdn.dealercarsearch.com/Media/1123/24193332/639233544631665669.jpg,https://www.craigandlandrethcars.com/vdp/24193332/Used-2020-MercedesBenz-AClass-AMG-A-35-for-sale-in-Louisville-KY-40207,Louisville,502-447-3450,690,D48382
JM1NDAM79S0650018,2025,Mazda,MX-5 Miata RF,Grand Touring 6MT,35800,6551,,,Aero Gray Metallic; NAPPA LEATHER-TRIMMED UPHOLSTERY; Automatic; 4 Cylinder Engine; Rear Wheel Drive,https://imagescdn.dealercarsearch.com/Media/1123/24168780/639233543875469893.jpg,https://www.craigandlandrethcars.com/vdp/24168780/Used-2025-Mazda-MX5-Miata-RF-Grand-Touring-6MT-for-sale-in-Louisville-KY-40207,Louisville,502-447-3450,690,D48266
4JGFF5KE4LA136897,2020,Mercedes-Benz,GLS-Class,GLS450 4MATIC,35479,72460,,,Mojave Silver Metallic; Automatic; V6 Cylinder Engine; 4WD,https://imagescdn.dealercarsearch.com/Media/3833/24218188/639233615241876931.jpg,https://www.craigandlandrethcars.com/vdp/24218188/Used-2020-MercedesBenz-GLSClass-GLS450-4MATIC-for-sale-in-Bullitt-County-KY-40165,Bullitt County,502-543-6276,690,D48259
JTEBU5JR1J5567230,2018,Toyota,4Runner,Limited,35400,69764,,,Gray; Leather; 5 Speed Automatic; 4.0L V6 SMPI DOHC; 4WD,https://imagescdn.dealercarsearch.com/Media/1129/23989335/639233643969980011.jpg,https://www.craigandlandrethcars.com/vdp/23989335/Used-2018-Toyota-4Runner-Limited-for-sale-in-Clarksville-IN-47129,Clarksville,812-280-8018,260,MU20890
1FTFW1RG1JFD04113,2018,Ford,F-150,Raptor SuperCrew 4WD,34849,138031,,,Oxford White; ELECTRONIC 10-SPEED AUTOMATIC; V6 Cylinder Engine; Four Wheel Drive,https://imagescdn.dealercarsearch.com/Media/1123/24106678/639233541949327826.jpg,https://www.craigandlandrethcars.com/vdp/24106678/Used-2018-Ford-F150-Raptor-SuperCrew-4WD-for-sale-in-Louisville-KY-40207,Louisville,502-447-3450,690,D47951A
4T3RWRFV2SU177712,2025,Toyota,RAV4 Hybrid,XLE,34800,42070,,,Magnetic Gray Metallic; CVT w/Sequential Shift Mode; 2.5L L4 DOHC 16V HYBRID; AWD,https://imagescdn.dealercarsearch.com/Media/1123/24173911/639233544289590739.jpg,https://www.craigandlandrethcars.com/vdp/24173911/Used-2025-Toyota-RAV4-Hybrid-XLE-for-sale-in-Louisville-KY-40207,Louisville,502-447-3450,690,D48366
5XYP64GC9SG682314,2025,Kia,Telluride,S,34800,37382,,,Midnight Lake Blue; SYNTEX SYNTHETIC LEATHER SEAT TRIM; 8-Speed Shiftable Automatic; V6 Cylinder Engine; Front Wheel Drive,https://imagescdn.dealercarsearch.com/Media/1123/24173912/639233544336175384.jpg,https://www.craigandlandrethcars.com/vdp/24173912/Used-2025-Kia-Telluride-S-for-sale-in-Louisville-KY-40207,Louisville,502-447-3450,690,D48363
1FA6P8TH1T5113264,2026,Ford,Mustang,EcoBoost Premium Coupe,34777,11400,,,Adriatic Blue; Automatic; 4 Cylinder Engine; RWD,https://imagescdn.dealercarsearch.com/Media/3833/24218153/639233614639415408.jpg,https://www.craigandlandrethcars.com/vdp/24218153/Used-2026-Ford-Mustang-EcoBoost-Premium-Coupe-for-sale-in-Bullitt-County-KY-40165,Bullitt County,502-543-6276,690,D48398
1C6RRFBG5NN478040,2022,RAM,1500,Big Horn/Lone Star,34500,16471,,,White; Cloth; 8 Speed Automatic; 3.6L V6 24V VVT; 4WD,https://imagescdn.dealercarsearch.com/Media/1129/24130262/639233645435566704.jpg,https://www.craigandlandrethcars.com/vdp/24130262/Used-2022-RAM-1500-Big-HornLone-Star-for-sale-in-Clarksville-IN-47129,Clarksville,812-280-8018,260,MU20980
1C4PJXDN9RW155781,2024,Jeep,Wrangler,Unlimited Sport S 4x4,34300,10080,,,Gray; Cloth; 8 Speed Automatic; 2.0L I4 DOHC; 4WD,https://imagescdn.dealercarsearch.com/Media/1129/24051699/639229323958870344.jpg,https://www.craigandlandrethcars.com/vdp/24051699/Used-2024-Jeep-Wrangler-Unlimited-Sport-S-4x4-for-sale-in-Clarksville-IN-47129,Clarksville,812-280-8018,260,MU20942
JM3KKBHD4S1246916,2025,Mazda,CX-90,Preferred,34277,16775,,,Deep Crystal Blue Mica; LEATHER SEAT TRIM; Automatic; Straight 6 Cylinder Engine; All Wheel Drive,https://imagescdn.dealercarsearch.com/Media/1123/24235022/639233543445225177.jpg,https://www.craigandlandrethcars.com/vdp/24235022/Used-2025-Mazda-CX90-Preferred-for-sale-in-Louisville-KY-40207,Louisville,502-447-3450,690,D48126
4S4BTALC5S3272830,2025,Subaru,Outback,Onyx Edition,34200,9331,,,Brown; Premium Synthetic; CVT Lineartronic; 2.5L 4-Cylinder DOHC 16V; AWD,https://imagescdn.dealercarsearch.com/Media/1129/24229006/639232635496769029.jpg,https://www.craigandlandrethcars.com/vdp/24229006/Used-2025-Subaru-Outback-Onyx-Edition-for-sale-in-Clarksville-IN-47129,Clarksville,812-280-8018,260,MU21056
7SAYGDEEXPA081160,2023,Tesla,Model Y,Long Range,33800,44280,,,WHI; Automatic; Electric Motor; All Wheel Drive,https://imagescdn.dealercarsearch.com/Media/1123/24168776/639233543854191703.jpg,https://www.craigandlandrethcars.com/vdp/24168776/Used-2023-Tesla-Model-Y-Long-Range-for-sale-in-Louisville-KY-40207,Louisville,502-447-3450,690,D48255
3FMCR9CN5SRE26652,2025,Ford,Bronco Sport,Outer Banks 4x4,33800,10433,,,Red; Cloth; 8 Speed Automatic; 1.5L EcoBoost; 4WD,https://imagescdn.dealercarsearch.com/Media/1129/24011945/639233643952451229.jpg,https://www.craigandlandrethcars.com/vdp/24011945/Used-2025-Ford-Bronco-Sport-Outer-Banks-4x4-for-sale-in-Clarksville-IN-47129,Clarksville,812-280-8018,260,MU20646A
5GAERBKW3PJ263338,2023,Buick,Enclave,Essence FWD,33789,24814,,,Cherry Red Tintcoat; PERFORATED LEATHER-APPOINTED SEATS; 9 Speed Automatic; V6 Cylinder Engine; FWD,https://imagescdn.dealercarsearch.com/Media/3833/24218191/639233615241876931.jpg,https://www.craigandlandrethcars.com/vdp/24218191/Used-2023-Buick-Enclave-Essence-FWD-for-sale-in-Bullitt-County-KY-40165,Bullitt County,502-543-6276,690,D48290
1N6ED1EK5PN631587,2023,Nissan,Frontier,SV Crew Cab 4WD,33711,24236,,,Glacier White; SEAT TRIM; Automatic; V6 Cylinder Engine; 4WD,https://imagescdn.dealercarsearch.com/Media/3833/24218167/639233615040850939.jpg,https://www.craigandlandrethcars.com/vdp/24218167/Used-2023-Nissan-Frontier-SV-Crew-Cab-4WD-for-sale-in-Bullitt-County-KY-40165,Bullitt County,502-543-6276,690,D48340
1GKKNLLS0PZ165520,2023,GMC,Acadia,SLE,33333,74981,,,"Summit White; PERFORATED LEATHER-APPOINTED SEAT TRIM; 9-SPEED AUTOMATIC, ELECTRONICALLY-CONTROLLED; V6 Cylinder Engine; All Wheel Drive",https://imagescdn.dealercarsearch.com/Media/1123/24235006/639233542519250575.jpg,https://www.craigandlandrethcars.com/vdp/24235006/Used-2023-GMC-Acadia-SLE-for-sale-in-Louisville-KY-40207,Louisville,502-447-3450,690,D48210
2HKRS4H49RH408383,2024,Honda,CR-V,EX AWD,32800,16651,,,Meteorite Gray Metallic; CLOTH SEAT TRIM; CVT; 4 Cylinder Engine; All Wheel Drive,https://imagescdn.dealercarsearch.com/Media/1123/24168711/639233542744713204.jpg,https://www.craigandlandrethcars.com/vdp/24168711/Used-2024-Honda-CRV-EX-AWD-for-sale-in-Louisville-KY-40207,Louisville,502-447-3450,690,D48341
58AB11D19MU001889,2021,Lexus,ES 250,Base,32773,22347,,,WHI; 2.5L L4 DOHC 16V; AWD,https://imagescdn.dealercarsearch.com/Media/3833/24193306/639236495210835035.jpg,https://www.craigandlandrethcars.com/vdp/24193306/Used-2021-Lexus-ES-250-Base-for-sale-in-Bullitt-County-KY-40165,Bullitt County,502-543-6276,690,D48048
YV4L12UJ7S2472113,2025,Volvo,XC40,B5 Core AWD,32700,12410,,,Onyx Black Metallic; Automatic; 4 Cylinder Engine; All Wheel Drive,https://imagescdn.dealercarsearch.com/Media/1123/24168835/639233543082075210.jpg,https://www.craigandlandrethcars.com/vdp/24168835/Used-2025-Volvo-XC40-B5-Core-AWD-for-sale-in-Louisville-KY-40207,Louisville,502-447-3450,690,D48119
1C4HJXFN6KW669305,2019,Jeep,Wrangler,Unlimited Rubicon,32596,74649,,,Black Clearcoat; 8 Speed Automatic; 4 Cylinder Engine; 4WD,https://imagescdn.dealercarsearch.com/Media/3833/24218141/639233614940369503.jpg,https://www.craigandlandrethcars.com/vdp/24218141/Used-2019-Jeep-Wrangler-Unlimited-Rubicon-for-sale-in-Bullitt-County-KY-40165,Bullitt County,502-543-6276,690,D46960D
3TMAZ5CN7PM207877,2023,Toyota,Tacoma,SR5 Double Cab Long Bed V6 6AT 2WD,32000,56964,,,Ice Cap; 6-Speed Shiftable Automatic; 3.5L V6 DOHC 24V; RWD,https://imagescdn.dealercarsearch.com/Media/1123/24168748/639236132804200373.jpg,https://www.craigandlandrethcars.com/vdp/24168748/Used-2023-Toyota-Tacoma-SR5-Double-Cab-Long-Bed-V6-6AT-2WD-for-sale-in-Louisville-KY-40207,Louisville,502-447-3450,690,D47998A
3GTP9EEL9KG245365,2019,GMC,Sierra 1500,AT4 Crew Cab Long Box 4WD,32000,128243,,,"Summit White; PERFORATED LEATHER-APPOINTED SEAT TRIM; 10-SPEED AUTOMATIC, ELECTRONICALLY CONTROLLED; 8 Cylinder Engine; Four Wheel Drive",https://imagescdn.dealercarsearch.com/Media/1123/24168808/639233542728854028.jpg,https://www.craigandlandrethcars.com/vdp/24168808/Used-2019-GMC-Sierra-1500-AT4-Crew-Cab-Long-Box-4WD-for-sale-in-Louisville-KY-40207,Louisville,502-447-3450,690,D47823B
1P3EW65G4YV605196,2000,Plymouth,Prowler,Base,31850,25433,,,Not Specified; REAR-MOUNTED 4-SPEED ELECTRONICALLY CONTROLLED AUT; V6 Cylinder Engine; Rear Wheel Drive,https://imagescdn.dealercarsearch.com/Media/1123/24168700/639233542596999613.jpg,https://www.craigandlandrethcars.com/vdp/24168700/Used-2000-Plymouth-Prowler-Base-for-sale-in-Louisville-KY-40207,Louisville,502-447-3450,690,D48282B
1C4RDJDG9RC234173,2024,Dodge,Durango,GT AWD,31800,31489,,,White; Cloth; 8 Speed Automatic; 3.6L V6 24V VVT; AWD,https://imagescdn.dealercarsearch.com/Media/1129/24124878/639233645360667597.jpg,https://www.craigandlandrethcars.com/vdp/24124878/Used-2024-Dodge-Durango-GT-AWD-for-sale-in-Clarksville-IN-47129,Clarksville,812-280-8018,260,MU20979
2T2BZMCA3JC146146,2018,Lexus,RX,350,31700,71320,,,White; Leather; 8 Speed Automatic; 3.5L V6 DOHC 24V; AWD,https://imagescdn.dealercarsearch.com/Media/1129/24192183/639235371420344842.jpg,https://www.craigandlandrethcars.com/vdp/24192183/Used-2018-Lexus-RX-350-for-sale-in-Clarksville-IN-47129,Clarksville,812-280-8018,260,MU21010
JTJSARDZ7L2229221,2020,Lexus,NX 300,F SPORT AWD,31500,,,,Atomic Silver; Automatic; 4 Cylinder Engine; All Wheel Drive,https://imagescdn.dealercarsearch.com/Media/1123/24168781/639236426032919085.jpg,https://www.craigandlandrethcars.com/vdp/24168781/Used-2020-Lexus-NX-300-F-SPORT-AWD-for-sale-in-Louisville-KY-40207,Louisville,502-447-3450,690,D48270
1C4RJHBG7PC537650,2023,Jeep,Grand Cherokee,Limited,31500,27080,,,Black; Leather; 8 Speed Automatic; 3.6L V6 24V VVT; 4WD,https://imagescdn.dealercarsearch.com/Media/1129/24083192/639233645046743036.jpg,https://www.craigandlandrethcars.com/vdp/24083192/Used-2023-Jeep-Grand-Cherokee-Limited-for-sale-in-Clarksville-IN-47129,Clarksville,812-280-8018,260,MU20955
JN8BT3CA8SW011712,2025,Nissan,Rogue,SL,31500,7387,,,White; Leather; CVT; 1.5L DOHC; FWD,https://imagescdn.dealercarsearch.com/Media/1129/23897115/639233643929121632.jpg,https://www.craigandlandrethcars.com/vdp/23897115/Used-2025-Nissan-Rogue-SL-for-sale-in-Clarksville-IN-47129,Clarksville,812-280-8018,260,MU20808
1GCGSCEC9P1269468,2023,Chevrolet,Colorado,LT Crew Cab 2WD,31400,29060,,,Summit White; CLOTH SEAT TRIM; 8-SPEED AUTOMATIC; 4 Cylinder Engine; Rear Wheel Drive,https://imagescdn.dealercarsearch.com/DealerImages/1123/1123_newarrivalphoto.jpg,https://www.craigandlandrethcars.com/vdp/24168701/Used-2023-Chevrolet-Colorado-LT-Crew-Cab-2WD-for-sale-in-Louisville-KY-40207,Louisville,502-447-3450,690,D48285
3C6LRVBG7NE107207,2022,RAM,Promaster,1500 High Roof 136-in. WB,31333,24276,,,Bright White Clearcoat; Automatic; V6 Cylinder Engine; FWD,https://imagescdn.dealercarsearch.com/Media/3833/24239000/639233903550779945.jpg,https://www.craigandlandrethcars.com/vdp/24239000/Used-2022-RAM-Promaster-1500-High-Roof-136in-WB-for-sale-in-Bullitt-County-KY-40165,Bullitt County,502-543-6276,690,D48281
5NMP2DGL5SH078275,2025,Hyundai,Santa Fe,SEL AWD,31000,36214,,,Shimmering Silver; H-TEX LEATHERETTE SEAT TRIM; Auto-Shift Manual; 4 Cylinder Engine; All Wheel Drive,https://imagescdn.dealercarsearch.com/Media/1123/24168752/639233543514418551.jpg,https://www.craigandlandrethcars.com/vdp/24168752/Used-2025-Hyundai-Santa-Fe-SEL-AWD-for-sale-in-Louisville-KY-40207,Louisville,502-447-3450,690,D48046
JM1NDAM77N0502874,2022,Mazda,MX-5 Miata RF,Grand Touring 6MT,30977,5833,,,Soul Red Crystal Metallic; LEATHER UPHOLSTERY W/LIGHT GRAY STITCHING; Automatic; 4 Cylinder Engine; RWD,https://imagescdn.dealercarsearch.com/Media/3833/24218170/639233614839766663.jpg,https://www.craigandlandrethcars.com/vdp/24218170/Used-2022-Mazda-MX5-Miata-RF-Grand-Touring-6MT-for-sale-in-Bullitt-County-KY-40165,Bullitt County,502-543-6276,690,D48407
5N1AZ2CS1RC108105,2024,Nissan,Murano,SL AWD,30800,38799,,,Pearl White Tricoat; LEATHER-APPOINTED SEAT TRIM; CVT; V6 Cylinder Engine; All Wheel Drive,https://imagescdn.dealercarsearch.com/Media/1123/24168828/639233544232255057.jpg,https://www.craigandlandrethcars.com/vdp/24168828/Used-2024-Nissan-Murano-SL-AWD-for-sale-in-Louisville-KY-40207,Louisville,502-447-3450,690,D48352
3MZBPBEY7SM457755,2025,Mazda,MAZDA3,Premium Plus AWD,30775,9801,,,Machine Gray Metallic; LEATHER SEAT TRIM; Automatic; 4 Cylinder Engine; AWD,https://imagescdn.dealercarsearch.com/Media/3833/24224033/639233615342851805.jpg,https://www.craigandlandrethcars.com/vdp/24224033/Used-2025-Mazda-MAZDA3-Premium-Plus-AWD-for-sale-in-Bullitt-County-KY-40165,Bullitt County,502-543-6276,690,D48095
5YJYGDEE1MF069720,2021,Tesla,Model Y,Long Range,30600,65130,,,Red; 1-Speed Automatic; Electric Motor; AWD,https://imagescdn.dealercarsearch.com/Media/1129/24184786/639223275941079208.jpg,https://www.craigandlandrethcars.com/vdp/24184786/Used-2021-Tesla-Model-Y-Long-Range-for-sale-in-Clarksville-IN-47129,Clarksville,812-280-8018,260,MU21005
KMUMADTB7NU026336,2022,Genesis,GV70,2.5T,30288,73599,,,Himalayan Gray; LEATHER SEATING SURFACES; Automatic; 4 Cylinder Engine; All Wheel Drive,https://imagescdn.dealercarsearch.com/Media/1123/24168825/639233544189168282.jpg,https://www.craigandlandrethcars.com/vdp/24168825/Used-2022-Genesis-GV70-25T-for-sale-in-Louisville-KY-40207,Louisville,502-447-3450,690,D48017A
5LM5J7XCXMGL09413,2021,Lincoln,Aviator,Reserve AWD,30000,92016,,,Infinite Black; Automatic; V6 Cylinder Engine; AWD,https://imagescdn.dealercarsearch.com/Media/3833/24238999/639233903651016881.jpg,https://www.craigandlandrethcars.com/vdp/24238999/Used-2021-Lincoln-Aviator-Reserve-AWD-for-sale-in-Bullitt-County-KY-40165,Bullitt County,502-543-6276,690,D48257
KNAG64J75T5432796,2026,Kia,K5,GT-Line,29900,4946,,,Aurora Black Pearl; SYNTEX SEAT TRIM; 8-Speed Automatic; 4 Cylinder Engine; All Wheel Drive,https://imagescdn.dealercarsearch.com/Media/1123/23805987/639233543287701267.jpg,https://www.craigandlandrethcars.com/vdp/23805987/Used-2026-Kia-K5-GTLine-for-sale-in-Louisville-KY-40207,Louisville,502-447-3450,690,D47986
JTDACAAU0S3059800,2025,Toyota,Prius,LE,29800,20053,,,Cutting Edge; CVT; 2.0L L4 DOHC 16V HYBRID; FWD,https://imagescdn.dealercarsearch.com/DealerImages/1123/1123_newarrivalphoto.jpg,https://www.craigandlandrethcars.com/vdp/24235050/Used-2025-Toyota-Prius-LE-for-sale-in-Louisville-KY-40207,Louisville,502-447-3450,690,D48415
1GCGSBEC0R1147546,2024,Chevrolet,Colorado,Work Truck,29800,18025,,,White; Cloth; 8 Speed Automatic; 2.7L Turbo; RWD,https://imagescdn.dealercarsearch.com/Media/1129/23989310/639233643933340510.jpg,https://www.craigandlandrethcars.com/vdp/23989310/Used-2024-Chevrolet-Colorado-Work-Truck-for-sale-in-Clarksville-IN-47129,Clarksville,812-280-8018,260,MU20885
1C4JJXP6XPW608815,2023,Jeep,Wrangler,Unlimited Sahara 4XE,29800,34411,,,Yellow; Leather; 8 Speed Automatic; 2.0L I4 DOHC; 4WD,https://imagescdn.dealercarsearch.com/Media/1129/24028592/639229323981365017.jpg,https://www.craigandlandrethcars.com/vdp/24028592/Used-2023-Jeep-Wrangler-Unlimited-Sahara-4XE-for-sale-in-Clarksville-IN-47129,Clarksville,812-280-8018,260,MU20923
JN8AY2NE3L9782005,2020,Nissan,Armada,Platinum 4WD,29800,52355,,,Gray; Leather; 7 Speed Automatic; 5.6L V8; 4WD,https://imagescdn.dealercarsearch.com/Media/1129/23941029/639233643942764997.jpg,https://www.craigandlandrethcars.com/vdp/23941029/Used-2020-Nissan-Armada-Platinum-4WD-for-sale-in-Clarksville-IN-47129,Clarksville,812-280-8018,260,MU20837
3C6UR5CJ3JG278470,2018,RAM,2500,Tradesman,29800,64716,,,Red; Vinyl; 6 Speed Automatic; 6.4L Heavy Duty V8 HEMI w/MDS; 4WD,https://imagescdn.dealercarsearch.com/Media/1129/23990589/639223131995847024.jpg,https://www.craigandlandrethcars.com/vdp/23990589/Used-2018-RAM-2500-Tradesman-for-sale-in-Clarksville-IN-47129,Clarksville,812-280-8018,260,MU20438T
4S4BTADC8S3179007,2025,Subaru,Outback,Premium,29800,9236,,,Silver; Cloth; CVT Lineartronic; 2.5L 4-Cylinder DOHC 16V; AWD,https://imagescdn.dealercarsearch.com/Media/1129/23897098/639233643880938711.jpg,https://www.craigandlandrethcars.com/vdp/23897098/Used-2025-Subaru-Outback-Premium-for-sale-in-Clarksville-IN-47129,Clarksville,812-280-8018,260,MU20809
1C4HJXDN2NW277641,2022,Jeep,Wrangler,Unlimited Willys 4x4,29600,36852,,,Blue; Cloth; 8 Speed Automatic; 2.0L I4 DOHC; 4WD,https://imagescdn.dealercarsearch.com/Media/1129/23824658/639223275937037626.jpg,https://www.craigandlandrethcars.com/vdp/23824658/Used-2022-Jeep-Wrangler-Unlimited-Willys-4x4-for-sale-in-Clarksville-IN-47129,Clarksville,812-280-8018,260,MU20754
3C6LRVDG4PE535669,2023,RAM,ProMaster Cargo Van,High Roof,29600,40736,,,White; Cloth; 9 Speed Automatic; 3.6L V6 24V VVT; FWD,https://imagescdn.dealercarsearch.com/Media/1129/23851036/639233643866781730.jpg,https://www.craigandlandrethcars.com/vdp/23851036/Used-2023-RAM-ProMaster-Cargo-Van-High-Roof-for-sale-in-Clarksville-IN-47129,Clarksville,812-280-8018,260,MU20759
7MUEAAAG8SV128402,2025,Toyota,Corolla Cross,XLE,29452,30711,,,Jet Black; SOFTEX SYNTHETIC LEATHER SEAT TRIM; CVT; 4 Cylinder Engine; FWD,https://imagescdn.dealercarsearch.com/Media/3833/24218179/639233615041082321.jpg,https://www.craigandlandrethcars.com/vdp/24218179/Used-2025-Toyota-Corolla-Cross-XLE-for-sale-in-Bullitt-County-KY-40165,Bullitt County,502-543-6276,690,D48179
1HGCY1F24RA032060,2024,Honda,Accord,LX,29000,25784,,,Platinum White Pearl; FABRIC SEAT TRIM; CVT; 4 Cylinder Engine; Front Wheel Drive,https://imagescdn.dealercarsearch.com/Media/1123/24168704/639233542642449293.jpg,https://www.craigandlandrethcars.com/vdp/24168704/Used-2024-Honda-Accord-LX-for-sale-in-Louisville-KY-40207,Louisville,502-447-3450,690,D48314
1C6RR7TT0KS654555,2019,RAM,1500 Classic,Tradesman Crew Cab LWB 4WD,28990,68307,,,Billet Silver Metallic Clearcoat; 8 Speed Automatic; 8 Cylinder Engine; 4WD,https://imagescdn.dealercarsearch.com/Media/3833/24218152/639233903651016881.jpg,https://www.craigandlandrethcars.com/vdp/24218152/Used-2019-RAM-1500-Classic-Tradesman-Crew-Cab-LWB-4WD-for-sale-in-Bullitt-County-KY-40165,Bullitt County,502-543-6276,690,D48120B
1HGCY2F79PA025149,2023,Honda,Accord,Sport-L,28980,37336,,,Platinum White Pearl; LEATHER-TRIMMED SEAT TRIM; 1-Speed Direct-Drive Automatic; 4 Cylinder Engine; Front Wheel Drive,https://imagescdn.dealercarsearch.com/Media/1123/24235004/639233542087848744.jpg,https://www.craigandlandrethcars.com/vdp/24235004/Used-2023-Honda-Accord-SportL-for-sale-in-Louisville-KY-40207,Louisville,502-447-3450,690,D48043
1GCES14P54B110730,2004,Chevrolet,SSR,Base,28800,20612,,,"Redline Red; ULTRASOFT NUANCE LEATHER SEATING SURFACES; 4-SPEED AUTOMATIC, ELECTRONICALLY CONTROLLED WITH; 8 Cylinder Engine; Rear Wheel Drive",https://imagescdn.dealercarsearch.com/Media/1123/24234999/639233541836487775.jpg,https://www.craigandlandrethcars.com/vdp/24234999/Used-2004-Chevrolet-SSR-Base-for-sale-in-Louisville-KY-40207,Louisville,502-447-3450,690,D48450
3FMCR9G61PRD68260,2023,Ford,Bronco Sport,Heritage,28800,26142,,,Red; Cloth; 8 Speed Automatic; 1.5L EcoBoost; 4WD,https://imagescdn.dealercarsearch.com/Media/1129/23989322/639233643948238256.jpg,https://www.craigandlandrethcars.com/vdp/23989322/Used-2023-Ford-Bronco-Sport-Heritage-for-sale-in-Clarksville-IN-47129,Clarksville,812-280-8018,260,MU20886
4S4BTGPD8L3206943,2020,Subaru,Outback,Touring XT,28800,18773,,,Gray; Leather; CVT Lineartronic; 2.4L 4-Cylinder DOHC 16V; AWD,https://imagescdn.dealercarsearch.com/Media/1129/24229007/639232635498487788.jpg,https://www.craigandlandrethcars.com/vdp/24229007/Used-2020-Subaru-Outback-Touring-XT-for-sale-in-Clarksville-IN-47129,Clarksville,812-280-8018,260,MU21058
5UXCR6C08LLL82751,2020,BMW,X5,xDrive40i,28800,73024,,,Blue; Leather; 8 Speed Automatic; 3.0L I6 DOHC 24V TwinPower Turbo; AWD,https://imagescdn.dealercarsearch.com/Media/1129/24080017/639233645046743036.jpg,https://www.craigandlandrethcars.com/vdp/24080017/Used-2020-BMW-X5-xDrive40i-for-sale-in-Clarksville-IN-47129,Clarksville,812-280-8018,260,MU20961
1C4RJHDG6N8617860,2022,Jeep,Grand Cherokee,Overland 4x4,28700,78139,,,Black; Leather; 8 Speed Automatic; 3.6L V6 24V VVT; 4WD,https://imagescdn.dealercarsearch.com/Media/1129/24051697/639233645012793800.jpg,https://www.craigandlandrethcars.com/vdp/24051697/Used-2022-Jeep-Grand-Cherokee-Overland-4x4-for-sale-in-Clarksville-IN-47129,Clarksville,812-280-8018,260,MU20948
1GYKNGRS3PZ104652,2023,Cadillac,XT5,Sport AWD,28680,80741,,,Crystal White Tricoat; LEATHER SEATING SURFACES WITH MINI-PERFORATED INSE; 9-SPEED AUTOMATIC; V6 Cylinder Engine; All Wheel Drive,https://imagescdn.dealercarsearch.com/Media/1123/24168713/639233542876984668.jpg,https://www.craigandlandrethcars.com/vdp/24168713/Used-2023-Cadillac-XT5-Sport-AWD-for-sale-in-Louisville-KY-40207,Louisville,502-447-3450,690,D48269A
1GCGTCEN8M1282190,2021,Chevrolet,Colorado,LT Crew Cab Long Box 4WD,28500,61466,,,Black; CLOTH SEAT TRIM; 8-SPEED AUTOMATIC; V6 Cylinder Engine; Four Wheel Drive,https://imagescdn.dealercarsearch.com/Media/1123/24168705/639233542696978416.jpg,https://www.craigandlandrethcars.com/vdp/24168705/Used-2021-Chevrolet-Colorado-LT-Crew-Cab-Long-Box-4WD-for-sale-in-Louisville-KY-40207,Louisville,502-447-3450,690,D48310
WP1AB2A54GLB45697,2016,Porsche,Macan,S,28486,19643,,,Jet Black Metallic; Auto-Shift Manual; V6 Cylinder Engine; All Wheel Drive,https://imagescdn.dealercarsearch.com/Media/1123/24168838/639233543103326250.jpg,https://www.craigandlandrethcars.com/vdp/24168838/Used-2016-Porsche-Macan-S-for-sale-in-Louisville-KY-40207,Louisville,502-447-3450,690,D48068
1C6RRFFGXKN886779,2019,RAM,1500,Big Horn Crew Cab SWB 4WD,28400,111807,,,Diamond Black Crystal Pearlcoat; 8-SPEED AUTOMATIC (850RE); V6 Cylinder Engine; Four Wheel Drive,https://imagescdn.dealercarsearch.com/DealerImages/1123/1123_newarrivalphoto.jpg,https://www.craigandlandrethcars.com/vdp/24168637/Used-2019-RAM-1500-Big-Horn-Crew-Cab-SWB-4WD-for-sale-in-Louisville-KY-40207,Louisville,502-447-3450,690,D47912A
2FMPK4J98RBA96982,2024,Ford,Edge,SEL,28399,20060,,,Agate Black; Premium Synthetic; 8-Speed Shiftable Automatic; 4 Cylinder Engine; All Wheel Drive,https://imagescdn.dealercarsearch.com/Media/1123/23900969/639233543025504469.jpg,https://www.craigandlandrethcars.com/vdp/23900969/Used-2024-Ford-Edge-SEL-for-sale-in-Louisville-KY-40207,Louisville,502-447-3450,690,D48093
3GNAXNEG5RL113243,2024,Chevrolet,Equinox,Premier,28211,16812,,,"Mosaic Black Metallic; PERFORATED LEATHER-APPOINTED SEAT TRIM; 6-SPEED AUTOMATIC, ELECTRONICALLY-CONTROLLED WITH; 4 Cylinder Engine; Front Wheel Drive",https://imagescdn.dealercarsearch.com/Media/1123/24168816/639233542786509744.jpg,https://www.craigandlandrethcars.com/vdp/24168816/Used-2024-Chevrolet-Equinox-Premier-for-sale-in-Louisville-KY-40207,Louisville,502-447-3450,690,D47797A
3FMCR9G63RRE35296,2024,Ford,Bronco Sport,Heritage 4x4,28000,34022,,,Gray; Cloth; 8 Speed Automatic; 1.5L EcoBoost; 4WD,https://imagescdn.dealercarsearch.com/Media/1129/24035646/639233644908699798.jpg,https://www.craigandlandrethcars.com/vdp/24035646/Used-2024-Ford-Bronco-Sport-Heritage-4x4-for-sale-in-Clarksville-IN-47129,Clarksville,812-280-8018,260,MU20896A
2FMPK4J91RBA17099,2024,Ford,Edge,SEL,27800,21769,,,Forged Green; 8-Speed Shiftable Automatic; 4 Cylinder Engine; All Wheel Drive,https://imagescdn.dealercarsearch.com/Media/1123/24168686/639233542280644307.jpg,https://www.craigandlandrethcars.com/vdp/24168686/Used-2024-Ford-Edge-SEL-for-sale-in-Louisville-KY-40207,Louisville,502-447-3450,690,D48084
2FMPK4J91PBA02812,2023,Ford,Edge,SEL AWD,27700,15230,,,Silver; Premium Synthetic; 8 Speed Automatic; EcoBoost 2.0L I4 GTDi DOHC Turbocharged VCT; AWD,https://imagescdn.dealercarsearch.com/Media/1129/23721295/639234507786206109.jpg,https://www.craigandlandrethcars.com/vdp/23721295/Used-2023-Ford-Edge-SEL-AWD-for-sale-in-Clarksville-IN-47129,Clarksville,812-280-8018,260,MU20626
3VVVC7B23SM035914,2025,Volkswagen,Taos,1.5T SE,27700,5892,,,Green; Cloth; 8-Speed Automatic with Tiptronic; 1.5L I4 Turbocharged DOHC 16V LEV3-SULEV30 174hp; AWD,https://imagescdn.dealercarsearch.com/Media/1129/24217861/639231772162786288.jpg,https://www.craigandlandrethcars.com/vdp/24217861/Used-2025-Volkswagen-Taos-15T-SE-for-sale-in-Clarksville-IN-47129,Clarksville,812-280-8018,260,MU21045
1GKS2AKC6HR186297,2017,GMC,Yukon,SLE,27654,79012,,,"Summit White; PREMIUM CLOTH SEAT TRIM; 6-SPEED AUTOMATIC, ELECTRONICALLY CONTROLLED; 8 Cylinder Engine; Four Wheel Drive",https://imagescdn.dealercarsearch.com/Media/1123/23909780/639233542197181714.jpg,https://www.craigandlandrethcars.com/vdp/23909780/Used-2017-GMC-Yukon-SLE-for-sale-in-Louisville-KY-40207,Louisville,502-447-3450,690,D48107
WA1LXBF72ND009530,2022,Audi,Q7,Premium Plus 55 TFSI quattro,27400,62899,,,SIL; 3.0L V6 DOHC 32V TURBO HYBRID; AWD,https://imagescdn.dealercarsearch.com/Media/1123/24168843/639233543195398991.jpg,https://www.craigandlandrethcars.com/vdp/24168843/Used-2022-Audi-Q7-Premium-Plus-55-TFSI-quattro-for-sale-in-Louisville-KY-40207,Louisville,502-447-3450,690,D48102
1C4PJMBX1ND536484,2022,Jeep,Cherokee,Trailhawk,27300,28737,,,Gray; Cloth; 9 Speed Automatic; 3.2L V6; 4WD,https://imagescdn.dealercarsearch.com/Media/1129/24212122/639233499879073029.jpg,https://www.craigandlandrethcars.com/vdp/24212122/Used-2022-Jeep-Cherokee-Trailhawk-for-sale-in-Clarksville-IN-47129,Clarksville,812-280-8018,260,MU21039
2HKRW2H86LH605241,2020,Honda,CR-V,EX-L AWD,27199,71771,,,Crystal Black Pearl; LEATHER SEAT TRIM; CVT; 4 Cylinder Engine; AWD,https://imagescdn.dealercarsearch.com/Media/3833/24218195/639236495510741713.jpg,https://www.craigandlandrethcars.com/vdp/24218195/Used-2020-Honda-CRV-EXL-AWD-for-sale-in-Bullitt-County-KY-40165,Bullitt County,502-543-6276,690,D48342
JM3KFBCM5R0390793,2024,Mazda,CX-5,Preferred,27000,16999,,,Jet Black Mica; LEATHER SEAT TRIM; Automatic; 4 Cylinder Engine; All Wheel Drive,https://imagescdn.dealercarsearch.com/Media/1123/24168777/639233543796792733.jpg,https://www.craigandlandrethcars.com/vdp/24168777/Used-2024-Mazda-CX5-Preferred-for-sale-in-Louisville-KY-40207,Louisville,502-447-3450,690,D48252
19XFL1H83NE006746,2022,Honda,Civic,Sport Touring Hatchback CVT,26900,40432,,,Platinum White Pearl; LEATHER-TRIMMED SEATING SURFACES; CVT; 4 Cylinder Engine; FWD,https://imagescdn.dealercarsearch.com/Media/3833/24238993/639233903450676558.jpg,https://www.craigandlandrethcars.com/vdp/24238993/Used-2022-Honda-Civic-Sport-Touring-Hatchback-CVT-for-sale-in-Bullitt-County-KY-40165,Bullitt County,502-543-6276,690,D47950B
1FM5K8HC1LGB55600,2020,Ford,Explorer,Platinum,26800,74434,,,White; Leather; 10 Speed; 3.0L EcoBoost V6; 4WD,https://imagescdn.dealercarsearch.com/Media/1129/24008285/639233643974487435.jpg,https://www.craigandlandrethcars.com/vdp/24008285/Used-2020-Ford-Explorer-Platinum-for-sale-in-Clarksville-IN-47129,Clarksville,812-280-8018,260,MU20907
JF1VA1B60L9828615,2020,Subaru,WRX,Premium Performance Package AWD,26800,33404,,,Blue; Leather; 6 Speed Manual; 2.0L DOHC Intercooled Turbocharged; AWD,https://imagescdn.dealercarsearch.com/Media/1129/24146354/639233645478597706.jpg,https://www.craigandlandrethcars.com/vdp/24146354/Used-2020-Subaru-WRX-Premium-Performance-Package-AWD-for-sale-in-Clarksville-IN-47129,Clarksville,812-280-8018,260,MU20887A
3C4NJDCN8PT520445,2023,Jeep,Compass,Limited,26800,6068,,,Gray; Premium Synthetic; 8 Speed Automatic; 2.0L I4 DOHC; 4WD,https://imagescdn.dealercarsearch.com/Media/1129/24212151/639231772063388722.jpg,https://www.craigandlandrethcars.com/vdp/24212151/Used-2023-Jeep-Compass-Limited-for-sale-in-Clarksville-IN-47129,Clarksville,812-280-8018,260,MU21037
ZACNDFBN5P3A02635,2023,Dodge,Hornet,GT Plus,26600,30390,,,Blu Bayou; 9-SPEED 948TE AUTOMATIC; 4 Cylinder Engine; All Wheel Drive,https://imagescdn.dealercarsearch.com/Media/1123/24168852/639233544168349146.jpg,https://www.craigandlandrethcars.com/vdp/24168852/Used-2023-Dodge-Hornet-GT-Plus-for-sale-in-Louisville-KY-40207,Louisville,502-447-3450,690,D48332
19XFL2H89NE009642,2022,Honda,Civic,Sport,26400,8335,,,Black; Cloth; CVT; 2.0L I4 DOHC 16V; FWD,https://imagescdn.dealercarsearch.com/Media/1129/24039201/639233644959673502.jpg,https://www.craigandlandrethcars.com/vdp/24039201/Used-2022-Honda-Civic-Sport-for-sale-in-Clarksville-IN-47129,Clarksville,812-280-8018,260,MU20934
1FMCU9MN9PUA69232,2023,Ford,Escape,ST-Line AWD,26400,10715,,,Gray; Vinyl; 8 Speed Automatic; 1.5L EcoBoost; AWD,https://imagescdn.dealercarsearch.com/Media/1129/24083196/639233645053201744.jpg,https://www.craigandlandrethcars.com/vdp/24083196/Used-2023-Ford-Escape-STLine-AWD-for-sale-in-Clarksville-IN-47129,Clarksville,812-280-8018,260,MU20954
1G1YY26UX75121321,2007,Chevrolet,Corvette,Coupe LT2,26300,81694,,,"Velocity Yellow Tintcoat; HIGHWEAR NUANCE LEATHER SEAT TRIM; 6-SPEED MANUAL, SHORT-THROW; 8 Cylinder Engine; Rear Wheel Drive",https://imagescdn.dealercarsearch.com/DealerImages/1123/1123_newarrivalphoto.jpg,https://www.craigandlandrethcars.com/vdp/24168665/Used-2007-Chevrolet-Corvette-Coupe-LT2-for-sale-in-Louisville-KY-40207,Louisville,502-447-3450,690,D48211B
1FMCU9JA7PUA62460,2023,Ford,Escape,Platinum AWD w/ Premium Technology,26200,38980,,,Silver; Leather; 8 Speed Automatic; EcoBoost 2.0L I4 GTDi DOHC Turbocharged VCT; AWD,https://imagescdn.dealercarsearch.com/Media/1129/24198432/639234795757283051.jpg,https://www.craigandlandrethcars.com/vdp/24198432/Used-2023-Ford-Escape-Platinum-AWD-w-Premium-Technology-for-sale-in-Clarksville-IN-47129,Clarksville,812-280-8018,260,MU21016
1G1YY22GXW5107837,1998,Chevrolet,Corvette,Coupe,25980,31162,,,Arctic White; LEATHER SEAT TRIM; 4-SPEED ELECTRONICALLY-CONTROLLED AUTOMATIC TRANSM; 8 Cylinder Engine; RWD,https://imagescdn.dealercarsearch.com/Media/3833/24237322/639233615644628651.jpg,https://www.craigandlandrethcars.com/vdp/24237322/Used-1998-Chevrolet-Corvette-Coupe-for-sale-in-Bullitt-County-KY-40165,Bullitt County,502-543-6276,690,D48444
JTDBCMFE2SJ043357,2025,Toyota,Corolla Hybrid,SE,25980,37577,,,Classic Silver Metallic; CVT; 1.8L L4 DOHC 16V HYBRID; FWD,https://imagescdn.dealercarsearch.com/Media/3833/24239001/639233903550600895.jpg,https://www.craigandlandrethcars.com/vdp/24239001/Used-2025-Toyota-Corolla-Hybrid-SE-for-sale-in-Bullitt-County-KY-40165,Bullitt County,502-543-6276,690,D48428
YV4L12UE6R2289248,2024,Volvo,XC40,B5 Plus Bright AWD,25800,69554,,,Red; 2.0L L4 DOHC 16V HYBRID; AWD,https://imagescdn.dealercarsearch.com/Media/1123/24173917/639233544214787386.jpg,https://www.craigandlandrethcars.com/vdp/24173917/Used-2024-Volvo-XC40-B5-Plus-Bright-AWD-for-sale-in-Louisville-KY-40207,Louisville,502-447-3450,690,D48368
3C4NJDCB4NT201613,2022,Jeep,Compass,Limited 4WD,25800,28179,,,Diamond Black Crystal Pearlcoat; 9-SPEED 948TE AUTOMATIC; 4 Cylinder Engine; Four Wheel Drive,https://imagescdn.dealercarsearch.com/Media/1123/24168740/639233543025991192.jpg,https://www.craigandlandrethcars.com/vdp/24168740/Used-2022-Jeep-Compass-Limited-4WD-for-sale-in-Louisville-KY-40207,Louisville,502-447-3450,690,D48045
5YFS4MCEXSP244680,2025,Toyota,Corolla,SE,25800,6070,,,Ice Cap; FABRIC SEAT TRIM; 10-Speed Shiftable CVT; 4 Cylinder Engine; Front Wheel Drive,https://imagescdn.dealercarsearch.com/Media/1123/24235025/639233543652091507.jpg,https://www.craigandlandrethcars.com/vdp/24235025/Used-2025-Toyota-Corolla-SE-for-sale-in-Louisville-KY-40207,Louisville,502-447-3450,690,D48175
1GCPYBEH9KZ397479,2019,Chevrolet,Silverado 1500,Custom Crew Cab Long Box 4WD,25800,90281,,,"Summit White; CLOTH SEAT TRIM; 6-SPEED AUTOMATIC, ELECTRONICALLY CONTROLLED; V6 Cylinder Engine; 4x4",https://imagescdn.dealercarsearch.com/Media/1123/24168688/639233542428692551.jpg,https://www.craigandlandrethcars.com/vdp/24168688/Used-2019-Chevrolet-Silverado-1500-Custom-Crew-Cab-Long-Box-4WD-for-sale-in-Louisville-KY-40207,Louisville,502-447-3450,690,D48187
JM3KFBBL1R0462825,2024,Mazda,CX-5,2.5 S Select Package AWD,25800,53434,,,Blue; Premium Synthetic; 6 Speed Automatic; SKYACTIV®-G 2.5L 4-Cylinder DOHC 16V; AWD,https://imagescdn.dealercarsearch.com/Media/1129/24198493/639234795757439299.jpg,https://www.craigandlandrethcars.com/vdp/24198493/Used-2024-Mazda-CX5-25-S-Select-Package-AWD-for-sale-in-Clarksville-IN-47129,Clarksville,812-280-8018,260,MU21017
1HGCY1F37RA063165,2024,Honda,Accord,EX,25800,49062,,,Black; Cloth; CVT; 1.5T I4 DOHC 16V Turbocharged VTEC; FWD,https://imagescdn.dealercarsearch.com/Media/1129/24187995/639227451819227943.jpg,https://www.craigandlandrethcars.com/vdp/24187995/Used-2024-Honda-Accord-EX-for-sale-in-Clarksville-IN-47129,Clarksville,812-280-8018,260,MU21028
JN8BT3BBXPW350473,2023,Nissan,Rogue,SV AWD,25650,28922,,,BLK; 2.5L L4 DOHC 16V; AWD,https://imagescdn.dealercarsearch.com/Media/1123/24168735/639233543428484439.jpg,https://www.craigandlandrethcars.com/vdp/24168735/Used-2023-Nissan-Rogue-SV-AWD-for-sale-in-Louisville-KY-40207,Louisville,502-447-3450,690,D48053
3CZRZ1H51PM725613,2023,Honda,HR-V,Sport,25500,77814,,,Urban Gray Pearl; CLOTH SEAT TRIM; CVT; 4 Cylinder Engine; Front Wheel Drive,https://imagescdn.dealercarsearch.com/Media/1123/24168795/639233542626342967.jpg,https://www.craigandlandrethcars.com/vdp/24168795/Used-2023-Honda-HRV-Sport-for-sale-in-Louisville-KY-40207,Louisville,502-447-3450,690,D48294
5FNYF6H98MB055195,2021,Honda,Pilot,Touring 4WD,25500,98929,,,Deep Scarlet Pearl; LEATHER SEAT TRIM; 9-Speed Shiftable Automatic; V6 Cylinder Engine; All Wheel Drive,https://imagescdn.dealercarsearch.com/Media/1123/24235043/639233544631196822.jpg,https://www.craigandlandrethcars.com/vdp/24235043/Used-2021-Honda-Pilot-Touring-4WD-for-sale-in-Louisville-KY-40207,Louisville,502-447-3450,690,D48245A
LRBAZLR40ND168429,2022,Buick,Envision,Preferred,25500,20672,,,Summit White; CLOTH WITH LEATHERETTE SEAT TRIM; 9-SPEED AUTOMATIC; 4 Cylinder Engine; Front Wheel Drive,https://imagescdn.dealercarsearch.com/Media/1123/24168730/639233543928797051.jpg,https://www.craigandlandrethcars.com/vdp/24168730/Used-2022-Buick-Envision-Preferred-for-sale-in-Louisville-KY-40207,Louisville,502-447-3450,690,D47970
1C4HJXDG6LW171207,2020,Jeep,Wrangler,Unlimited Sport,25490,78970,,,Firecracker Red Clearcoat; 8 Speed Automatic; V6 Cylinder Engine; 4WD,https://imagescdn.dealercarsearch.com/Media/3833/24218140/639233614639432493.jpg,https://www.craigandlandrethcars.com/vdp/24218140/Used-2020-Jeep-Wrangler-Unlimited-Sport-for-sale-in-Bullitt-County-KY-40165,Bullitt County,502-543-6276,690,D48320
ZACNJDD11NPN63330,2022,Jeep,Renegade,Limited,25400,21271,,,Sting-Gray Clearcoat; 9-SPEED 948TE AUTOMATIC; 4 Cylinder Engine; Four Wheel Drive,https://imagescdn.dealercarsearch.com/Media/1123/24168846/639233543622407591.jpg,https://www.craigandlandrethcars.com/vdp/24168846/Used-2022-Jeep-Renegade-Limited-for-sale-in-Louisville-KY-40207,Louisville,502-447-3450,690,D48190
KM8R74HE5NU355493,2022,Hyundai,Palisade,Calligraphy,25288,111430,,,Moonlight Cloud; PREMIUM NAPPA LEATHER SEAT TRIM; Automatic; V6 Cylinder Engine; Front Wheel Drive,https://imagescdn.dealercarsearch.com/Media/1123/24170811/639233543056124941.jpg,https://www.craigandlandrethcars.com/vdp/24170811/Used-2022-Hyundai-Palisade-Calligraphy-for-sale-in-Louisville-KY-40207,Louisville,502-447-3450,690,D48360
KL79MPSL0TB009329,2026,Chevrolet,TrailBlazer,LT,25200,9383,,,Green; Cloth; CVT; 1.3L I3 Turbocharged DOHC 12V LEV3-SULEV30 137hp; FWD,https://imagescdn.dealercarsearch.com/Media/1129/24096598/639233645183674458.jpg,https://www.craigandlandrethcars.com/vdp/24096598/Used-2026-Chevrolet-TrailBlazer-LT-for-sale-in-Clarksville-IN-47129,Clarksville,812-280-8018,260,MU20976
3GCUKSEC2HG424183,2017,Chevrolet,Silverado 1500,LTZ Crew Cab 4WD,24977,127246,,,Black; LEATHER-APPOINTED SEAT TRIM; 6 Speed Automatic; 8 Cylinder Engine; 4WD,https://imagescdn.dealercarsearch.com/Media/3833/24218176/639233615040694680.jpg,https://www.craigandlandrethcars.com/vdp/24218176/Used-2017-Chevrolet-Silverado-1500-LTZ-Crew-Cab-4WD-for-sale-in-Bullitt-County-KY-40165,Bullitt County,502-543-6276,690,D47783A
SALZL2FX9LH060601,2020,Land,Rover Range Rover Evoque,First Edition,24800,57305,,,Seoul Pearl Silver Metallic; Automatic; 4 Cylinder Engine; All Wheel Drive,https://imagescdn.dealercarsearch.com/Media/1123/24248076/639235562832252715.jpg,https://www.craigandlandrethcars.com/vdp/24248076/Used-2020-Land-Rover-Range-Rover-Evoque-First-Edition-for-sale-in-Louisville-KY-40207,Louisville,502-447-3450,690,LH060601
4S3BWAC63P3013590,2023,Subaru,Legacy,Premium,24800,72721,,,Crystal White Pearl; CLOTH UPHOLSTERY; CVT; 4 Cylinder Engine; All Wheel Drive,https://imagescdn.dealercarsearch.com/Media/1123/24168751/639233543521144386.jpg,https://www.craigandlandrethcars.com/vdp/24168751/Used-2023-Subaru-Legacy-Premium-for-sale-in-Louisville-KY-40207,Louisville,502-447-3450,690,D48129
5N1DR3CD2NC205800,2022,Nissan,Pathfinder,SL 4WD,24711,94870,,,Brilliant Silver Metallic; LEATHER SEATING SURFACES; Automatic; V6 Cylinder Engine; 4WD,https://imagescdn.dealercarsearch.com/Media/3833/24218186/639233614940300101.jpg,https://www.craigandlandrethcars.com/vdp/24218186/Used-2022-Nissan-Pathfinder-SL-4WD-for-sale-in-Bullitt-County-KY-40165,Bullitt County,502-543-6276,690,D48146A
5NTJADAE7RH079493,2024,Hyundai,Santa Cruz,SE AWD,24590,39763,,,California Sand; STAIN &amp; ODOR RESISTANT CLOTH SEAT TRIM; Automatic; 4 Cylinder Engine; All Wheel Drive,https://imagescdn.dealercarsearch.com/Media/1123/24168753/639233543544745554.jpg,https://www.craigandlandrethcars.com/vdp/24168753/Used-2024-Hyundai-Santa-Cruz-SE-AWD-for-sale-in-Louisville-KY-40207,Louisville,502-447-3450,690,D48080
3VV2B7AX1MM153630,2021,Volkswagen,Tiguan,SE 4Motion,24500,32113,,,Pure White; Automatic; 4 Cylinder Engine; All Wheel Drive,https://imagescdn.dealercarsearch.com/Media/1123/24168769/639221083635381247.jpg,https://www.craigandlandrethcars.com/vdp/24168769/Used-2021-Volkswagen-Tiguan-SE-4Motion-for-sale-in-Louisville-KY-40207,Louisville,502-447-3450,690,D48248
1C4HJWDG5JL844089,2018,Jeep,Wrangler JK,Unlimited Sport 4WD,24493,58210,,,Billet Silver Metallic Clearcoat; 5-SPEED AUTOMATIC (W5A580); V6 Cylinder Engine; Four Wheel Drive,https://imagescdn.dealercarsearch.com/Media/1123/24168626/639233328137026822.jpg,https://www.craigandlandrethcars.com/vdp/24168626/Used-2018-Jeep-Wrangler-JK-Unlimited-Sport-4WD-for-sale-in-Louisville-KY-40207,Louisville,502-447-3450,690,D47999A
ZACNJDC14PPP67706,2023,Jeep,Renegade,Trailhawk,24299,50568,,,Alpine White Clearcoat; Automatic; 4 Cylinder Engine; 4WD,https://imagescdn.dealercarsearch.com/Media/3833/24218203/639233615342654102.jpg,https://www.craigandlandrethcars.com/vdp/24218203/Used-2023-Jeep-Renegade-Trailhawk-for-sale-in-Bullitt-County-KY-40165,Bullitt County,502-543-6276,690,D48335
1GCHSCEA5N1206710,2022,Chevrolet,Colorado,LT Ext. Cab 2WD,24200,24635,,,"Summit White; CLOTH SEAT TRIM; 6-SPEED AUTOMATIC, HMD, 6L50; 4 Cylinder Engine; Rear Wheel Drive",https://imagescdn.dealercarsearch.com/Media/1123/24168689/639233542476224969.jpg,https://www.craigandlandrethcars.com/vdp/24168689/Used-2022-Chevrolet-Colorado-LT-Ext-Cab-2WD-for-sale-in-Louisville-KY-40207,Louisville,502-447-3450,690,D48226
3GKALYEVXNL309455,2022,GMC,Terrain,AT4,24200,81061,,,White; Leather; 9-Speed Automatic; 1.5L DOHC; AWD,https://imagescdn.dealercarsearch.com/Media/1129/24083221/639233645123810019.jpg,https://www.craigandlandrethcars.com/vdp/24083221/Used-2022-GMC-Terrain-AT4-for-sale-in-Clarksville-IN-47129,Clarksville,812-280-8018,260,MU20953
KM8R5DHE6LU119339,2020,Hyundai,Palisade,Limited AWD,24177,93072,,,Hyper White; PREMIUM NAPPA LEATHER SEAT TRIM; Automatic; V6 Cylinder Engine; All Wheel Drive,https://imagescdn.dealercarsearch.com/Media/1123/24235068/639233543689279238.jpg,https://www.craigandlandrethcars.com/vdp/24235068/Used-2020-Hyundai-Palisade-Limited-AWD-for-sale-in-Louisville-KY-40207,Louisville,502-447-3450,690,D48217
3N1CP5CV8RL571168,2024,Nissan,Kicks,SV,23868,8989,,,Fresh Powder; CLOTH SEAT TRIM; CVT; 4 Cylinder Engine; FWD,https://imagescdn.dealercarsearch.com/Media/3833/24218181/639233614940042711.jpg,https://www.craigandlandrethcars.com/vdp/24218181/Used-2024-Nissan-Kicks-SV-for-sale-in-Bullitt-County-KY-40165,Bullitt County,502-543-6276,690,D48185
1FA6P8TH8L5154880,2020,Ford,Mustang,EcoBoost,23800,35858,,,Gray; Leather; 10 Speed; 2.3L I4 Turbocharged EcoBoost; RWD,https://imagescdn.dealercarsearch.com/Media/1129/24157516/639233645655468211.jpg,https://www.craigandlandrethcars.com/vdp/24157516/Used-2020-Ford-Mustang-EcoBoost-for-sale-in-Clarksville-IN-47129,Clarksville,812-280-8018,260,MU20992
3GNAXKEG9RS158173,2024,Chevrolet,Equinox,LT,23800,16375,,,Gray; Cloth; 6 Speed Automatic; 1.5L DOHC; FWD,https://imagescdn.dealercarsearch.com/Media/1129/23891327/639236235424534552.jpg,https://www.craigandlandrethcars.com/vdp/23891327/Used-2024-Chevrolet-Equinox-LT-for-sale-in-Clarksville-IN-47129,Clarksville,812-280-8018,260,MU20782
5YFB4MDE4RP129131,2024,Toyota,Corolla,LE,23500,15732,,,Red; Cloth; CVT; 2.0L I4 DOHC 16V; FWD,https://imagescdn.dealercarsearch.com/Media/1129/24035370/639233644840620367.jpg,https://www.craigandlandrethcars.com/vdp/24035370/Used-2024-Toyota-Corolla-LE-for-sale-in-Clarksville-IN-47129,Clarksville,812-280-8018,260,MU20929
3GNKBCR45MS585397,2021,Chevrolet,Blazer,LT,23400,60636,,,Red; Cloth; 9-Speed Automatic; 2.0L Turbocharged; FWD,https://imagescdn.dealercarsearch.com/Media/1129/24225337/639236091944501287.jpg,https://www.craigandlandrethcars.com/vdp/24225337/Used-2021-Chevrolet-Blazer-LT-for-sale-in-Clarksville-IN-47129,Clarksville,812-280-8018,260,MU21051
1FMSK8DH8MGC30377,2021,Ford,Explorer,XLT AWD,23397,88334,,,Star White Metallic Tri-Coat; Automatic; 4 Cylinder Engine; 4WD,https://imagescdn.dealercarsearch.com/Media/3833/24218150/639233615141532480.jpg,https://www.craigandlandrethcars.com/vdp/24218150/Used-2021-Ford-Explorer-XLT-AWD-for-sale-in-Bullitt-County-KY-40165,Bullitt County,502-543-6276,690,D48205B
KL79MRSL8PB213698,2023,Chevrolet,TrailBlazer,LT,23200,25817,,,White; Cloth; 9-Speed Automatic; 1.3L Ecotec Turbo DOHC SIDI w/VVT; AWD,https://imagescdn.dealercarsearch.com/Media/1129/24188029/639233646082464780.jpg,https://www.craigandlandrethcars.com/vdp/24188029/Used-2023-Chevrolet-TrailBlazer-LT-for-sale-in-Clarksville-IN-47129,Clarksville,812-280-8018,260,MU21027
KMHLM4DGXTU102267,2026,Hyundai,Elantra,SEL Sport,23200,7771,,,Black; Cloth; CVT; I4; FWD,https://imagescdn.dealercarsearch.com/Media/1129/24169569/639233499878916756.jpg,https://www.craigandlandrethcars.com/vdp/24169569/Used-2026-Hyundai-Elantra-SEL-Sport-for-sale-in-Clarksville-IN-47129,Clarksville,812-280-8018,260,MU20997
3VV8B7AX7NM076161,2022,Volkswagen,Tiguan,2.0T SE R-Line Black,23100,80705,,,Black; Artificial Leather; 8-Speed Automatic with Tiptronic; 2.0L TSI DOHC; AWD,https://imagescdn.dealercarsearch.com/Media/1129/24198491/639233499759305766.jpg,https://www.craigandlandrethcars.com/vdp/24198491/Used-2022-Volkswagen-Tiguan-20T-SE-RLine-Black-for-sale-in-Clarksville-IN-47129,Clarksville,812-280-8018,260,MU21019
5FNYF6H09LB041175,2020,Honda,Pilot,Elite,23000,128787,,,Gray; Leather; 9-Speed Automatic; 3.5L V6 24V SOHC i-VTEC; AWD,https://imagescdn.dealercarsearch.com/Media/1129/24157538/639231915459545334.jpg,https://www.craigandlandrethcars.com/vdp/24157538/Used-2020-Honda-Pilot-Elite-for-sale-in-Clarksville-IN-47129,Clarksville,812-280-8018,260,MU20994
3N1AB8CV7SY371074,2025,Nissan,Sentra,SV,22800,15901,,,Gray; Cloth; CVT; 2.0L I4 DOHC; FWD,https://imagescdn.dealercarsearch.com/Media/1129/24096561/639233645147363339.jpg,https://www.craigandlandrethcars.com/vdp/24096561/Used-2025-Nissan-Sentra-SV-for-sale-in-Clarksville-IN-47129,Clarksville,812-280-8018,260,MU20973
KL79MTSL5PB020826,2023,Chevrolet,TrailBlazer,RS,22800,38117,,,Blue; Artificial Leather; CVT; 1.3L Ecotec Turbo DOHC SIDI w/VVT; FWD,https://imagescdn.dealercarsearch.com/Media/1129/23936041/639233643909661092.jpg,https://www.craigandlandrethcars.com/vdp/23936041/Used-2023-Chevrolet-TrailBlazer-RS-for-sale-in-Clarksville-IN-47129,Clarksville,812-280-8018,260,MU20832
KMHLS4DG1SU872264,2025,Hyundai,Elantra,SEL Convenience,22777,47319,,,Ecotronic Gray; PREMIUM CLOTH SEAT TRIM; CVT; 4 Cylinder Engine; FWD,https://imagescdn.dealercarsearch.com/Media/3833/24218173/639233615040850939.jpg,https://www.craigandlandrethcars.com/vdp/24218173/Used-2025-Hyundai-Elantra-SEL-Convenience-for-sale-in-Bullitt-County-KY-40165,Bullitt County,502-543-6276,690,D48163
2HKRW2H87KH124512,2019,Honda,CR-V,EX-L AWD,22773,78777,,,Gunmetal Metallic; CVT; 4 Cylinder Engine; AWD,https://imagescdn.dealercarsearch.com/Media/3833/24218189/639233615141722215.jpg,https://www.craigandlandrethcars.com/vdp/24218189/Used-2019-Honda-CRV-EXL-AWD-for-sale-in-Bullitt-County-KY-40165,Bullitt County,502-543-6276,690,D48283
2T3F1RFV5KC035373,2019,Toyota,RAV4,LE AWD,22572,86620,,,Midnight Black Metallic; FABRIC SEAT TRIM; 8 Speed Automatic; 4 Cylinder Engine; AWD,https://imagescdn.dealercarsearch.com/Media/3833/24250850/639236495310562246.jpg,https://www.craigandlandrethcars.com/vdp/24250850/Used-2019-Toyota-RAV4-LE-AWD-for-sale-in-Bullitt-County-KY-40165,Bullitt County,502-543-6276,690,D48284
1HGCV1F95JA031946,2018,Honda,Accord,Touring CVT,22419,80680,,,Lunar Silver Metallic; CVT; 4 Cylinder Engine; FWD,https://imagescdn.dealercarsearch.com/Media/3833/24218164/639233614839766663.jpg,https://www.craigandlandrethcars.com/vdp/24218164/Used-2018-Honda-Accord-Touring-CVT-for-sale-in-Bullitt-County-KY-40165,Bullitt County,502-543-6276,690,D48311
3GNKBCRS2LS690413,2020,Chevrolet,Blazer,2LT,22400,64735,,,"Summit White; PREMIUM CLOTH SEAT TRIM; 9-SPEED AUTOMATIC, ELECTRONICALLY-CONTROLLED; V6 Cylinder Engine; Front Wheel Drive",https://imagescdn.dealercarsearch.com/Media/1123/24168778/639233542623640876.jpg,https://www.craigandlandrethcars.com/vdp/24168778/Used-2020-Chevrolet-Blazer-2LT-for-sale-in-Louisville-KY-40207,Louisville,502-447-3450,690,D48261
KL79MPSL4PB146201,2023,Chevrolet,TrailBlazer,LT,22300,37177,,,Black; Cloth; CVT; 1.3L Ecotec Turbo DOHC SIDI w/VVT; FWD,https://imagescdn.dealercarsearch.com/Media/1129/24229014/639232635498331585.jpg,https://www.craigandlandrethcars.com/vdp/24229014/Used-2023-Chevrolet-TrailBlazer-LT-for-sale-in-Clarksville-IN-47129,Clarksville,812-280-8018,260,MU21055
4T1B11HK1JU159200,2018,Toyota,Camry,LE,22279,27805,,,Super White; FABRIC SEAT TRIM; 8 Speed Automatic; 4 Cylinder Engine; FWD,https://imagescdn.dealercarsearch.com/Media/3833/24218194/639233614940446232.jpg,https://www.craigandlandrethcars.com/vdp/24218194/Used-2018-Toyota-Camry-LE-for-sale-in-Bullitt-County-KY-40165,Bullitt County,502-543-6276,690,D48324
3VVLX7B25NM096410,2022,Volkswagen,Taos,1.5T SE,22200,14380,,,Black; Cloth; 8-Speed Automatic with Tiptronic; 1.5L I4 Turbocharged DOHC 16V LEV3-SULEV30 158hp; FWD,https://imagescdn.dealercarsearch.com/Media/1129/23772637/639221547684712916.jpg,https://www.craigandlandrethcars.com/vdp/23772637/Used-2022-Volkswagen-Taos-15T-SE-for-sale-in-Clarksville-IN-47129,Clarksville,812-280-8018,245,MU20691
2C3CDZGG0HH543207,2017,Dodge,Challenger,GT,21995,55429,,,White Knuckle Clearcoat; 8-SPEED AUTOMATIC (845RE); V6 Cylinder Engine; All Wheel Drive,https://imagescdn.dealercarsearch.com/Media/1123/24168683/639233542194469214.jpg,https://www.craigandlandrethcars.com/vdp/24168683/Used-2017-Dodge-Challenger-GT-for-sale-in-Louisville-KY-40207,Louisville,502-447-3450,690,D48158
WBAJA7C54KG911635,2019,BMW,5-Series,530i xDrive,21990,60274,,,Mediterranean Blue Metallic; DAKOTA LEATHER UPHOLSTERY; Automatic; 4 Cylinder Engine; All Wheel Drive,https://imagescdn.dealercarsearch.com/Media/1123/24168848/639233543719075922.jpg,https://www.craigandlandrethcars.com/vdp/24168848/Used-2019-BMW-5Series-530i-xDrive-for-sale-in-Louisville-KY-40207,Louisville,502-447-3450,690,D48232
KL4MMBS27NB147566,2022,Buick,Encore GX,Preferred,21900,25962,,,Summit White; CLOTH WITH LEATHERETTE SEAT TRIM; CONTINUOUSLY VARIABLE (CVT); 3 Cylinder Engine; Front Wheel Drive,https://imagescdn.dealercarsearch.com/Media/1123/24168734/639233543419432949.jpg,https://www.craigandlandrethcars.com/vdp/24168734/Used-2022-Buick-Encore-GX-Preferred-for-sale-in-Louisville-KY-40207,Louisville,502-447-3450,690,D48151
1FMCU0GZ5PUA58478,2023,Ford,Escape,Active,21800,46688,,,Iconic Silver; CVT; 4 Cylinder Engine; Front Wheel Drive,https://imagescdn.dealercarsearch.com/Media/1123/24168641/639233541468311282.jpg,https://www.craigandlandrethcars.com/vdp/24168641/Used-2023-Ford-Escape-Active-for-sale-in-Louisville-KY-40207,Louisville,502-447-3450,690,D48132
KNDRG4LGXM5060900,2021,Kia,Sorento Hybrid,S,21800,72234,,,Aurora Black; PREMIUM LEATHERETTE SEAT TRIM; 6-Speed Shiftable Automatic; 4 Cylinder Engine; Front Wheel Drive,https://imagescdn.dealercarsearch.com/Media/1123/24168731/639233543277195296.jpg,https://www.craigandlandrethcars.com/vdp/24168731/Used-2021-Kia-Sorento-Hybrid-S-for-sale-in-Louisville-KY-40207,Louisville,502-447-3450,690,D48141
1G1YY22G145132218,2004,Chevrolet,Corvette,Coupe,21650,98886,,,"Magnetic Red Metallic; HIGHWEAR NUANCE LEATHER SEAT TRIM; 4-SPEED AUTOMATIC, ELECTRONICALLY CONTROLLED WITH; 8 Cylinder Engine; Rear Wheel Drive",https://imagescdn.dealercarsearch.com/Media/1123/24168661/639233541882660362.jpg,https://www.craigandlandrethcars.com/vdp/24168661/Used-2004-Chevrolet-Corvette-Coupe-for-sale-in-Louisville-KY-40207,Louisville,502-447-3450,690,D47289B
1GNSKCKC8HR383146,2017,Chevrolet,Tahoe,Premier 4WD,21600,163048,,,"Iridescent Pearl Tricoat; PERFORATED LEATHER-APPOINTED SEAT TRIM; 6-SPEED AUTOMATIC, ELECTRONICALLY CONTROLLED; 8 Cylinder Engine; Four Wheel Drive",https://imagescdn.dealercarsearch.com/DealerImages/1123/1123_newarrivalphoto.jpg,https://www.craigandlandrethcars.com/vdp/24168698/Used-2017-Chevrolet-Tahoe-Premier-4WD-for-sale-in-Louisville-KY-40207,Louisville,502-447-3450,690,D48262
2FMPK3K94LBA46497,2020,Ford,Edge,Titanium,21500,49227,,,Desert Gold; 8-Speed Shiftable Automatic; 999; FWD,https://imagescdn.dealercarsearch.com/Media/1123/24168716/639233542775081097.jpg,https://www.craigandlandrethcars.com/vdp/24168716/Used-2020-Ford-Edge-Titanium-for-sale-in-Louisville-KY-40207,Louisville,502-447-3450,690,D47929B
1FMSK8DH8LGA51304,2020,Ford,Explorer,XLT,21400,89501,,,Silver; Cloth; 10 Speed; 2.3L EcoBoost I-4; 4WD,https://imagescdn.dealercarsearch.com/Media/1129/24104929/639232203787098343.jpg,https://www.craigandlandrethcars.com/vdp/24104929/Used-2020-Ford-Explorer-XLT-for-sale-in-Clarksville-IN-47129,Clarksville,812-280-8018,260,MU20846A
1C4BJWDG4HL742069,2017,Jeep,Wrangler,Unlimited Sport,21300,74352,,,White; Cloth; 6 Speed Manual; 3.6L V6 24V VVT; 4WD,https://imagescdn.dealercarsearch.com/Media/1129/24174124/639232635633626483.jpg,https://www.craigandlandrethcars.com/vdp/24174124/Used-2017-Jeep-Wrangler-Unlimited-Sport-for-sale-in-Clarksville-IN-47129,Clarksville,812-280-8018,260,MU21013
1GKKNRL48MZ152188,2021,GMC,Acadia,SLE AWD,20700,116515,,,"Ebony Twilight Metallic; PREMIUM CLOTH SEAT TRIM; 9-SPEED AUTOMATIC, ELECTRONICALLY-CONTROLLED; 4 Cylinder Engine; All Wheel Drive",https://imagescdn.dealercarsearch.com/DealerImages/1123/1123_newarrivalphoto.jpg,https://www.craigandlandrethcars.com/vdp/24168702/Used-2021-GMC-Acadia-SLE-AWD-for-sale-in-Louisville-KY-40207,Louisville,502-447-3450,690,D48239A
KL79MVSL8MB040589,2021,Chevrolet,TrailBlazer,ACTIV,20400,64167,,,Mosaic Black Metallic; LEATHERETTE SEAT TRIM; CONTINUOUSLY VARIABLE (CVT); 3 Cylinder Engine; Front Wheel Drive,https://imagescdn.dealercarsearch.com/Media/1123/24168820/639233544178973048.jpg,https://www.craigandlandrethcars.com/vdp/24168820/Used-2021-Chevrolet-TrailBlazer-ACTIV-for-sale-in-Louisville-KY-40207,Louisville,502-447-3450,690,D48235A
JM3KFABM3K1547670,2019,Mazda,CX-5,Sport,20250,70014,,,Sonic Silver Metallic; CLOTH SEAT TRIM; Automatic; 4 Cylinder Engine; Front Wheel Drive,https://imagescdn.dealercarsearch.com/DealerImages/1123/1123_newarrivalphoto.jpg,https://www.craigandlandrethcars.com/vdp/24168736/Used-2019-Mazda-CX5-Sport-for-sale-in-Louisville-KY-40207,Louisville,502-447-3450,690,D48024
1C4PJMLX7LD630817,2020,Jeep,Cherokee,Latitude Plus 4WD,20000,66151,,,Sting-Gray Clearcoat; 9-SPEED 948TE AUTOMATIC; V6 Cylinder Engine; Four Wheel Drive,https://imagescdn.dealercarsearch.com/Media/1123/24168627/639233541187482701.jpg,https://www.craigandlandrethcars.com/vdp/24168627/Used-2020-Jeep-Cherokee-Latitude-Plus-4WD-for-sale-in-Louisville-KY-40207,Louisville,502-447-3450,690,D48026
1HGCV1F12NA001125,2022,Honda,Accord,LX CVT,19999,95824,,,Radiant Red Metallic; FABRIC SEAT TRIM; CVT; 4 Cylinder Engine; FWD,https://imagescdn.dealercarsearch.com/Media/3833/24218162/639233614839766663.jpg,https://www.craigandlandrethcars.com/vdp/24218162/Used-2022-Honda-Accord-LX-CVT-for-sale-in-Bullitt-County-KY-40165,Bullitt County,502-543-6276,690,D47952A
5N1BT3AB1PC900024,2023,Nissan,Rogue,S AWD,19990,63936,,,Gun Metallic; CLOTH SEAT TRIM; CVT; 3 Cylinder Engine; All Wheel Drive,https://imagescdn.dealercarsearch.com/Media/1123/24168754/639233543508637159.jpg,https://www.craigandlandrethcars.com/vdp/24168754/Used-2023-Nissan-Rogue-S-AWD-for-sale-in-Louisville-KY-40207,Louisville,502-447-3450,690,D47994
2C3CDXBG2MH535258,2021,Dodge,Charger,SXT,19977,87915,,,Pitch Black Clearcoat; 8 Speed Automatic; V6 Cylinder Engine; RWD,https://imagescdn.dealercarsearch.com/Media/3833/24225747/639235914634856911.jpg,https://www.craigandlandrethcars.com/vdp/24225747/Used-2021-Dodge-Charger-SXT-for-sale-in-Bullitt-County-KY-40165,Bullitt County,502-543-6276,690,D48370
KM8R34HE9LU128798,2020,Hyundai,Palisade,SEL,19891,106982,,,Hyper White; SEAT TRIM; Automatic; V6 Cylinder Engine; FWD,https://imagescdn.dealercarsearch.com/Media/3833/24224035/639233615544032915.jpg,https://www.craigandlandrethcars.com/vdp/24224035/Used-2020-Hyundai-Palisade-SEL-for-sale-in-Bullitt-County-KY-40165,Bullitt County,502-543-6276,690,D48207
1C4BJWEG5FL578634,2015,Jeep,Wrangler,Unlimited Sahara 4WD,19800,94945,,,Black Clearcoat; 6-SPEED MANUAL (NSG370); V6 Cylinder Engine; Four Wheel Drive,https://imagescdn.dealercarsearch.com/Media/1123/24198127/639233541822276028.jpg,https://www.craigandlandrethcars.com/vdp/24198127/Used-2015-Jeep-Wrangler-Unlimited-Sahara-4WD-for-sale-in-Louisville-KY-40207,Louisville,502-447-3450,690,D48357A
1G1YY23PXP5118370,1993,Chevrolet,Corvette,Coupe,19800,28503,,,Not Specified; 8 Cylinder Engine; FrontWheelDrive,https://imagescdn.dealercarsearch.com/Media/1123/24173885/639233541803881326.jpg,https://www.craigandlandrethcars.com/vdp/24173885/Used-1993-Chevrolet-Corvette-Coupe-for-sale-in-Louisville-KY-40207,Louisville,502-447-3450,690,D48374
JA4J3TA80NZ045177,2022,Mitsubishi,Outlander,ES 2WD,19800,82028,,,Alloy Silver Metallic; CVT; 4 Cylinder Engine; Front Wheel Drive,https://imagescdn.dealercarsearch.com/DealerImages/1123/1123_newarrivalphoto.jpg,https://www.craigandlandrethcars.com/vdp/24168772/Used-2022-Mitsubishi-Outlander-ES-2WD-for-sale-in-Louisville-KY-40207,Louisville,502-447-3450,690,D48251
1GKKNXLS1HZ210358,2017,GMC,Acadia,Denali AWD,19800,80589,,,"Crimson Red Tintcoat; SEAT TRIM, PERFORATED LEATHER-APPOINTED; 6 Speed Automatic; V6 Cylinder Engine; AWD",https://imagescdn.dealercarsearch.com/Media/3833/24242115/639234475545474562.jpg,https://www.craigandlandrethcars.com/vdp/24242115/Used-2017-GMC-Acadia-Denali-AWD-for-sale-in-Bullitt-County-KY-40165,Bullitt County,502-543-6276,690,D48153
1FMCU9H66LUA82503,2020,Ford,Escape,SEL AWD,19777,36485,,,Agate Black; Automatic; 3 Cylinder Engine; AWD,https://imagescdn.dealercarsearch.com/Media/3833/24218151/639233614839922952.jpg,https://www.craigandlandrethcars.com/vdp/24218151/Used-2020-Ford-Escape-SEL-AWD-for-sale-in-Bullitt-County-KY-40165,Bullitt County,502-543-6276,690,D48349
3GKALPEV2LL329383,2020,GMC,Terrain,SLT,19500,61852,,,"Satin Steel Metallic; PERFORATED LEATHER-APPOINTED SEAT TRIM; 9-SPEED AUTOMATIC 9T45, ELECTRONICALLY-CONTROLLED; 4 Cylinder Engine; Front Wheel Drive",https://imagescdn.dealercarsearch.com/Media/1123/24168743/639233542397465416.jpg,https://www.craigandlandrethcars.com/vdp/24168743/Used-2020-GMC-Terrain-SLT-for-sale-in-Louisville-KY-40207,Louisville,502-447-3450,690,D47967
1FMCU9GN4PUA04705,2023,Ford,Escape,Active AWD,19400,86496,,,Agate Black; 8-Speed Shiftable Automatic; 3 Cylinder Engine; All Wheel Drive,https://imagescdn.dealercarsearch.com/Media/1123/24168658/639233541498665562.jpg,https://www.craigandlandrethcars.com/vdp/24168658/Used-2023-Ford-Escape-Active-AWD-for-sale-in-Louisville-KY-40207,Louisville,502-447-3450,690,D48189
3GNAXKEV2ML381687,2021,Chevrolet,Equinox,LT 2WD,19400,74100,,,"Pacific Blue Metallic; PREMIUM CLOTH SEAT TRIM; 6-SPEED AUTOMATIC, ELECTRONICALLY-CONTROLLED WITH; 4 Cylinder Engine; Front Wheel Drive",https://imagescdn.dealercarsearch.com/Media/1123/24168759/639233542436993735.jpg,https://www.craigandlandrethcars.com/vdp/24168759/Used-2021-Chevrolet-Equinox-LT-2WD-for-sale-in-Louisville-KY-40207,Louisville,502-447-3450,690,D48193
4S3BWGN60L3015503,2020,Subaru,Legacy,Limited XT,19391,84636,,,Crystal Black Silica; PERFORATED LEATHER-TRIMMED UPHOLSTERY; CVT; 4 Cylinder Engine; AWD,https://imagescdn.dealercarsearch.com/Media/3833/24218182/639233614839766663.jpg,https://www.craigandlandrethcars.com/vdp/24218182/Used-2020-Subaru-Legacy-Limited-XT-for-sale-in-Bullitt-County-KY-40165,Bullitt County,502-543-6276,690,D48192
1FTEW1C55LKE08536,2020,Ford,F-150,XLT SuperCrew 6.5-ft. Bed 2WD,19222,129755,,,Oxford White; Automatic; 5.0L V8 OHV 32V; RWD,https://imagescdn.dealercarsearch.com/Media/3833/24218147/639233614539173168.jpg,https://www.craigandlandrethcars.com/vdp/24218147/Used-2020-Ford-F150-XLT-SuperCrew-65ft-Bed-2WD-for-sale-in-Bullitt-County-KY-40165,Bullitt County,502-543-6276,690,D47238D
1C6RR7FTXKS580749,2019,RAM,1500 Classic,Tradesman Quad Cab 4WD,18996,138549,,,Bright White Clearcoat; 8 Speed Automatic; 8 Cylinder Engine; 4WD,https://imagescdn.dealercarsearch.com/Media/3833/24218142/639233614639453945.jpg,https://www.craigandlandrethcars.com/vdp/24218142/Used-2019-RAM-1500-Classic-Tradesman-Quad-Cab-4WD-for-sale-in-Bullitt-County-KY-40165,Bullitt County,502-543-6276,690,D47817
1FT8W3B60CEC07595,2012,Ford,F-350 SD,XLT Crew Cab 4WD,18960,129102,,,Silver; 6.2L V8 OHV 16V; 4WD,https://imagescdn.dealercarsearch.com/Media/1123/24168659/639233541862979129.jpg,https://www.craigandlandrethcars.com/vdp/24168659/Used-2012-Ford-F350-SD-XLT-Crew-Cab-4WD-for-sale-in-Louisville-KY-40207,Louisville,502-447-3450,690,D46637D
3C4NJCBBXNT164580,2022,Jeep,Compass,Latitude FWD,18850,69343,,,Granite Crystal Metallic Clearcoat; 6-SPEED AISIN F21-250 GEN 3 AUTO; 4 Cylinder Engine; Front Wheel Drive,https://imagescdn.dealercarsearch.com/Media/1123/24168739/639233542338762686.jpg,https://www.craigandlandrethcars.com/vdp/24168739/Used-2022-Jeep-Compass-Latitude-FWD-for-sale-in-Louisville-KY-40207,Louisville,502-447-3450,690,D47997
3VV2B7AX9KM095215,2019,Volkswagen,Tiguan,SE 4Motion AWD,18800,60160,,,WHI; 2.0L L4 DOHC 16V TURBO; AWD,https://imagescdn.dealercarsearch.com/Media/1123/24173909/639233544261503021.jpg,https://www.craigandlandrethcars.com/vdp/24173909/Used-2019-Volkswagen-Tiguan-SE-4Motion-AWD-for-sale-in-Louisville-KY-40207,Louisville,502-447-3450,690,D48361
JA4ATWAA9PZ006451,2023,Mitsubishi,Eclipse Cross,SE AWD,18800,88645,,,White Diamond; CVT; 4 Cylinder Engine; Four Wheel Drive,https://imagescdn.dealercarsearch.com/Media/1123/24168758/639233543557493161.jpg,https://www.craigandlandrethcars.com/vdp/24168758/Used-2023-Mitsubishi-Eclipse-Cross-SE-AWD-for-sale-in-Louisville-KY-40207,Louisville,502-447-3450,690,D48191
5LMCJ2DH4LUL13113,2020,Lincoln,Corsair,Reserve AWD,18800,98222,,,Magnetic Gray; 8-SPEED AUTOMATIC W/SELECTSHIFT; 4 Cylinder Engine; All Wheel Drive,https://imagescdn.dealercarsearch.com/Media/1123/24235024/639233543579429755.jpg,https://www.craigandlandrethcars.com/vdp/24235024/Used-2020-Lincoln-Corsair-Reserve-AWD-for-sale-in-Louisville-KY-40207,Louisville,502-447-3450,690,D46848A
1C6RR7YT4HS733888,2017,RAM,1500,Rebel Crew Cab 4x4,18800,150888,,,Red; Cloth; 8 Speed Automatic; HEMI 5.7L V8 Multi Displacement VVT; 4WD,https://imagescdn.dealercarsearch.com/Media/1129/24019538/639233644788718589.jpg,https://www.craigandlandrethcars.com/vdp/24019538/Used-2017-RAM-1500-Rebel-Crew-Cab-4x4-for-sale-in-Clarksville-IN-47129,Clarksville,812-280-8018,260,MU20908B
3N1CP5BV3RL558684,2024,Nissan,Kicks,S,18800,69756,,,Gray; Cloth; CVT; 1.6L 4-Cylinder DOHC 16V; FWD,https://imagescdn.dealercarsearch.com/Media/1129/24198460/639234795754626705.jpg,https://www.craigandlandrethcars.com/vdp/24198460/Used-2024-Nissan-Kicks-S-for-sale-in-Clarksville-IN-47129,Clarksville,812-280-8018,260,MU21014
3VWEB7BU7LM059148,2020,Volkswagen,Jetta,1.4T SEL 8A,18497,58677,,,Pure White; Automatic; 4 Cylinder Engine; FWD,https://imagescdn.dealercarsearch.com/Media/3833/24218187/639233614940369503.jpg,https://www.craigandlandrethcars.com/vdp/24218187/Used-2020-Volkswagen-Jetta-14T-SEL-8A-for-sale-in-Bullitt-County-KY-40165,Bullitt County,502-543-6276,690,D48258
2C4RC1BG4NR177937,2022,Chrysler,Pacifica,Touring-L,18416,100015,,,Brilliant Black Crystal Pearlcoat; Automatic; V6 Cylinder Engine; FWD,https://imagescdn.dealercarsearch.com/Media/3833/24218154/639233614839766663.jpg,https://www.craigandlandrethcars.com/vdp/24218154/Used-2022-Chrysler-Pacifica-TouringL-for-sale-in-Bullitt-County-KY-40165,Bullitt County,502-543-6276,690,D48304A
JF1VA1A63J9812021,2018,Subaru,WRX,4-Door,18000,92981,,,Crystal Black Silica; CHECKERED CLOTH UPHOLSTERY; Manual; 4 Cylinder Engine; All Wheel Drive,https://imagescdn.dealercarsearch.com/Media/1123/24168738/639233544028928282.jpg,https://www.craigandlandrethcars.com/vdp/24168738/Used-2018-Subaru-WRX-4Door-for-sale-in-Louisville-KY-40207,Louisville,502-447-3450,690,D47802B
1G1ZD5ST9PF247761,2023,Chevrolet,Malibu,1LT,17988,70113,,,Summit White; PREMIUM CLOTH SEAT TRIM; CONTINUOUSLY VARIABLE (CVT); 4 Cylinder Engine; Front Wheel Drive,https://imagescdn.dealercarsearch.com/Media/1123/24198138/639233542523912121.jpg,https://www.craigandlandrethcars.com/vdp/24198138/Used-2023-Chevrolet-Malibu-1LT-for-sale-in-Louisville-KY-40207,Louisville,502-447-3450,690,D48401
2GNAXKEV0N6112299,2022,Chevrolet,Equinox,LT 1.5 2WD,17800,72393,,,Seaglass Blue Metallic; PREMIUM CLOTH SEAT TRIM; 6 Speed Automatic; 4 Cylinder Engine; FWD,https://imagescdn.dealercarsearch.com/Media/3833/24238996/639233903322962576.jpg,https://www.craigandlandrethcars.com/vdp/24238996/Used-2022-Chevrolet-Equinox-LT-15-2WD-for-sale-in-Bullitt-County-KY-40165,Bullitt County,502-543-6276,690,D48028
1N6AD0EV4JN730380,2018,Nissan,Frontier,SV Crew Cab 5AT 4WD,17769,113830,,,Gun Metallic; CLOTH SEAT TRIM; Automatic; V6 Cylinder Engine; 4WD,https://imagescdn.dealercarsearch.com/Media/3833/24218169/639233614940473224.jpg,https://www.craigandlandrethcars.com/vdp/24218169/Used-2018-Nissan-Frontier-SV-Crew-Cab-5AT-4WD-for-sale-in-Bullitt-County-KY-40165,Bullitt County,502-543-6276,690,D48143B
1G1ZD5ST9NF160567,2022,Chevrolet,Malibu,LT,17749,70307,,,Northsky Blue Metallic; PREMIUM CLOTH SEAT TRIM; CVT; 4 Cylinder Engine; FWD,https://imagescdn.dealercarsearch.com/Media/3833/24225746/639233615544657926.jpg,https://www.craigandlandrethcars.com/vdp/24225746/Used-2022-Chevrolet-Malibu-LT-for-sale-in-Bullitt-County-KY-40165,Bullitt County,502-543-6276,690,D48400
57XAAPFA1F5104719,2015,Polaris,Slingshot,SL,17650,9489,,,Not Specified; No data,https://imagescdn.dealercarsearch.com/Media/1123/24168812/639233544032440759.jpg,https://www.craigandlandrethcars.com/vdp/24168812/Used-2015-Polaris-Slingshot-SL-for-sale-in-Louisville-KY-40207,Louisville,502-447-3450,690,D48322
KM8K62AA4LU424669,2020,Hyundai,Kona,SEL w/Contrast Roof,17500,79584,,,Chalk White; CLOTH SEAT TRIM; Automatic; 4 Cylinder Engine; Front Wheel Drive,https://imagescdn.dealercarsearch.com/DealerImages/1123/1123_newarrivalphoto.jpg,https://www.craigandlandrethcars.com/vdp/24168806/Used-2020-Hyundai-Kona-SEL-wContrast-Roof-for-sale-in-Louisville-KY-40207,Louisville,502-447-3450,690,D48312
3GNKBBRA3KS699363,2019,Chevrolet,Blazer,1LT,17333,100084,,,Graphite Metallic; PREMIUM CLOTH SEAT TRIM; 9 Speed Automatic; 4 Cylinder Engine; FWD,https://imagescdn.dealercarsearch.com/Media/3833/24218199/639233615242071816.jpg,https://www.craigandlandrethcars.com/vdp/24218199/Used-2019-Chevrolet-Blazer-1LT-for-sale-in-Bullitt-County-KY-40165,Bullitt County,502-543-6276,690,D48372
57XAAPFA4J8126639,2018,Polaris,Slingshot,SL,17289,10588,,,Blue; manuel; 4,https://imagescdn.dealercarsearch.com/Media/3833/24218192/639233614940439407.jpg,https://www.craigandlandrethcars.com/vdp/24218192/Used-2018-Polaris-Slingshot-SL-for-sale-in-Bullitt-County-KY-40165,Bullitt County,502-543-6276,690,D48303
5XXGT4L34LG448604,2020,Kia,Optima,SE,17000,47530,,,Snow White Pearl; LEATHER SEAT TRIM; 6-Speed Shiftable Automatic; 4 Cylinder Engine; Front Wheel Drive,https://imagescdn.dealercarsearch.com/Media/1123/23860567/639233543569743463.jpg,https://www.craigandlandrethcars.com/vdp/23860567/Used-2020-Kia-Optima-SE-for-sale-in-Louisville-KY-40207,Louisville,502-447-3450,690,D48056
5TFMU4FN2DX012745,2013,Toyota,Tacoma,Base V6,16600,151880,,,White; Cloth; 5 Speed Automatic; 4.0L V6 EFI DOHC 24V; 4WD,https://imagescdn.dealercarsearch.com/Media/1129/24011475/639233643898400345.jpg,https://www.craigandlandrethcars.com/vdp/24011475/Used-2013-Toyota-Tacoma-Base-V6-for-sale-in-Clarksville-IN-47129,Clarksville,812-280-8018,245,MU20862A
KL4MMBS29MB103535,2021,Buick,Encore GX,Preferred,16556,64014,,,Chili Red Metallic; CLOTH WITH LEATHERETTE SEAT TRIM; CONTINUOUSLY VARIABLE (CVT); 3 Cylinder Engine; Front Wheel Drive,https://imagescdn.dealercarsearch.com/Media/1123/24235031/639233543785011895.jpg,https://www.craigandlandrethcars.com/vdp/24235031/Used-2021-Buick-Encore-GX-Preferred-for-sale-in-Louisville-KY-40207,Louisville,502-447-3450,690,D48238
ZACCJABB0HPG06404,2017,Jeep,Renegade,Latitude FWD,16250,69930,,,Solar Yellow; 9-SPEED 948TE AUTOMATIC; 4 Cylinder Engine; Front Wheel Drive,https://imagescdn.dealercarsearch.com/Media/1123/24168836/639233543106770939.jpg,https://www.craigandlandrethcars.com/vdp/24168836/Used-2017-Jeep-Renegade-Latitude-FWD-for-sale-in-Louisville-KY-40207,Louisville,502-447-3450,690,D48109
5NMS5CAA3KH104181,2019,Hyundai,Santa Fe,Limited 2.0T AWD,16200,119205,,,Symphony Silver; LEATHER SEATING SURFACE; Automatic; 4 Cylinder Engine; All Wheel Drive,https://imagescdn.dealercarsearch.com/DealerImages/1123/1123_newarrivalphoto.jpg,https://www.craigandlandrethcars.com/vdp/24168785/Used-2019-Hyundai-Santa-Fe-Limited-20T-AWD-for-sale-in-Louisville-KY-40207,Louisville,502-447-3450,690,D48231A
55SWF4KB2FU027952,2015,Mercedes-Benz,C-Class,C300 4MATIC Sedan,16000,82875,,,Black; Automatic; 4 Cylinder Engine; 4MATIC,https://imagescdn.dealercarsearch.com/DealerImages/1123/1123_newarrivalphoto.jpg,https://www.craigandlandrethcars.com/vdp/24198149/Used-2015-MercedesBenz-CClass-C300-4MATIC-Sedan-for-sale-in-Louisville-KY-40207,Louisville,502-447-3450,690,D48280A
3C4NJDBB6LT256627,2020,Jeep,Compass,Latitude 4WD,15993,86454,,,Velvet Red Pearlcoat; Automatic; 4 Cylinder Engine; 4WD,https://imagescdn.dealercarsearch.com/Media/3833/24218193/639233615141138770.jpg,https://www.craigandlandrethcars.com/vdp/24218193/Used-2020-Jeep-Compass-Latitude-4WD-for-sale-in-Bullitt-County-KY-40165,Bullitt County,502-543-6276,690,D48313
1C6RR7PM2FS560735,2015,RAM,1500,Longhorn Crew Cab SWB 4WD,15970,187549,,,Deep Cherry Red Crystal Pearlcoat; 8 Speed Automatic; V6 Cylinder Engine; 4WD,https://imagescdn.dealercarsearch.com/DealerImages/3833/3833_newarrivalphoto.jpg,https://www.craigandlandrethcars.com/vdp/24218143/Used-2015-RAM-1500-Longhorn-Crew-Cab-SWB-4WD-for-sale-in-Bullitt-County-KY-40165,Bullitt County,502-543-6276,690,D48041A
1FMCU0J9XKUB48243,2019,Ford,Escape,Titanium FWD,15800,104131,,,Agate Black; 6-Speed Shiftable Automatic; 4 Cylinder Engine; Front Wheel Drive,https://imagescdn.dealercarsearch.com/Media/1123/24168647/639233541722412441.jpg,https://www.craigandlandrethcars.com/vdp/24168647/Used-2019-Ford-Escape-Titanium-FWD-for-sale-in-Louisville-KY-40207,Louisville,502-447-3450,690,D48055A
1ZVFT80N465119769,2006,Ford,Mustang,V6 Standard Coupe,15800,55779,,,WHI; 5 Speed Manual; V6 Cylinder Engine; RWD,https://imagescdn.dealercarsearch.com/Media/3833/24218165/639233614940042711.jpg,https://www.craigandlandrethcars.com/vdp/24218165/Used-2006-Ford-Mustang-V6-Standard-Coupe-for-sale-in-Bullitt-County-KY-40165,Bullitt County,502-543-6276,690,D48326
3VWEB7BU2KM192334,2019,Volkswagen,Jetta,SEL,15800,91038,,,Silver; Leather; 8-Speed Automatic with Tiptronic; 1.4L TSI; FWD,https://imagescdn.dealercarsearch.com/Media/1129/24151393/639233645614209805.jpg,https://www.craigandlandrethcars.com/vdp/24151393/Used-2019-Volkswagen-Jetta-SEL-for-sale-in-Clarksville-IN-47129,Clarksville,812-280-8018,260,MU20991
SAJDA44B575B02803,2007,Jaguar,XK-Series,XK Convertible,15500,57832,,,GRN; Automatic; 8 Cylinder Engine; Rear Wheel Drive,https://imagescdn.dealercarsearch.com/Media/1123/24168810/639233543970913788.jpg,https://www.craigandlandrethcars.com/vdp/24168810/Used-2007-Jaguar-XKSeries-XK-Convertible-for-sale-in-Louisville-KY-40207,Louisville,502-447-3450,690,D48323
5FNRL5H36GB150877,2016,Honda,Odyssey,SE,15500,104085,,,Smoky Topaz Metallic; Automatic; V6 Cylinder Engine; Front Wheel Drive,https://imagescdn.dealercarsearch.com/Media/1123/24193312/639233544246605967.jpg,https://www.craigandlandrethcars.com/vdp/24193312/Used-2016-Honda-Odyssey-SE-for-sale-in-Louisville-KY-40207,Louisville,502-447-3450,690,D48376
1FAHP60A22Y105319,2002,Ford,Thunderbird,Base,15500,42356,,,Black; Leather; 5 Speed Automatic; 3.9L V8 DOHC 32V; RWD,https://imagescdn.dealercarsearch.com/Media/1129/24068362/639233644978819566.jpg,https://www.craigandlandrethcars.com/vdp/24068362/Used-2002-Ford-Thunderbird-Base-for-sale-in-Clarksville-IN-47129,Clarksville,812-280-8018,260,MU20800A
1FTEX1EB6KKE45416,2019,Ford,F-150,XL SuperCab 8-ft. Bed 4WD,15000,111329,,,Race Red; 6-Speed Shiftable Automatic; V6 Cylinder Engine; Four Wheel Drive,https://imagescdn.dealercarsearch.com/Media/1123/24168672/639233541989847125.jpg,https://www.craigandlandrethcars.com/vdp/24168672/Used-2019-Ford-F150-XL-SuperCab-8ft-Bed-4WD-for-sale-in-Louisville-KY-40207,Louisville,502-447-3450,690,D48021A
1GTCS195218197378,2001,GMC,Sonoma,SLS Ext. Cab Short Bed 2WD,14995,68627,,,Pewter Metallic; DELUXE CLOTH TRIM; 4-SPEED ELECTRONICALLY-CONTROLLED AUTOMATIC TRANSM; 4 Cylinder Engine; Rear Wheel Drive,https://imagescdn.dealercarsearch.com/DealerImages/1123/1123_newarrivalphoto.jpg,https://www.craigandlandrethcars.com/vdp/24235017/Used-2001-GMC-Sonoma-SLS-Ext-Cab-Short-Bed-2WD-for-sale-in-Louisville-KY-40207,Louisville,502-447-3450,690,D48449
MAJ3S2GE8KC278155,2019,Ford,EcoSport,SE,14988,30238,,,Smoke; 6-SPEED AUTOMATIC W/SELECTSHIFT; 3 Cylinder Engine; Front Wheel Drive,https://imagescdn.dealercarsearch.com/Media/1123/24235073/639236426244572074.jpg,https://www.craigandlandrethcars.com/vdp/24235073/Used-2019-Ford-EcoSport-SE-for-sale-in-Louisville-KY-40207,Louisville,502-447-3450,690,D48433
5UXKR6C52G0J81331,2016,BMW,X5,xDrive50i,14900,117940,,,Alpine White; 8-SPEED AUTOMATIC W/STEPTRONIC; 8 Cylinder Engine; All Wheel Drive,https://imagescdn.dealercarsearch.com/Media/1123/24193323/639233544293744916.jpg,https://www.craigandlandrethcars.com/vdp/24193323/Used-2016-BMW-X5-xDrive50i-for-sale-in-Louisville-KY-40207,Louisville,502-447-3450,690,D48381
WBA3B9G58ENR92814,2014,BMW,3-Series,335i xDrive Sedan,14869,115205,,,Imperial Blue Metallic; 8-SPEED STEPTRONIC AUTOMATIC; Straight 6 Cylinder Engine; All Wheel Drive,https://imagescdn.dealercarsearch.com/Media/1123/24235071/639233835333037301.jpg,https://www.craigandlandrethcars.com/vdp/24235071/Used-2014-BMW-3Series-335i-xDrive-Sedan-for-sale-in-Louisville-KY-40207,Louisville,502-447-3450,690,D47928A
1FTEX1CB2JFB59959,2018,Ford,F-150,XL SuperCab 8-ft. 2WD,14800,129680,,,Oxford White; 6-Speed Shiftable Automatic; V6 Cylinder Engine; Rear Wheel Drive,https://imagescdn.dealercarsearch.com/Media/1123/24168667/639233541906389447.jpg,https://www.craigandlandrethcars.com/vdp/24168667/Used-2018-Ford-F150-XL-SuperCab-8ft-2WD-for-sale-in-Louisville-KY-40207,Louisville,502-447-3450,690,D48331
1J4FA54168L500465,2008,Jeep,Wrangler,Sahara,14800,77911,,,Silver; Cloth; 4 Speed Automatic; 3.8L V6 SMPI; 4WD,https://imagescdn.dealercarsearch.com/Media/1129/23983996/639233499834141315.jpg,https://www.craigandlandrethcars.com/vdp/23983996/Used-2008-Jeep-Wrangler-Sahara-for-sale-in-Clarksville-IN-47129,Clarksville,812-280-8018,260,MU20877
1G1ZC5ST0LF078436,2020,Chevrolet,Malibu,LS,14597,78753,,,Shadow Gray Metallic; PREMIUM CLOTH SEAT TRIM; CONTINUOUSLY VARIABLE (CVT); 4 Cylinder Engine; Front Wheel Drive,https://imagescdn.dealercarsearch.com/Media/1123/23983554/639233541925472219.jpg,https://www.craigandlandrethcars.com/vdp/23983554/Used-2020-Chevrolet-Malibu-LS-for-sale-in-Louisville-KY-40207,Louisville,502-447-3450,690,D48184
5UXKR0C58H0V66486,2017,BMW,X5,xDrive35i,14588,114383,,,Black Sapphire Metallic; 8-SPEED AUTOMATIC W/STEPTRONIC; Straight 6 Cylinder Engine; All Wheel Drive,https://imagescdn.dealercarsearch.com/Media/1123/24235055/639233544453206138.jpg,https://www.craigandlandrethcars.com/vdp/24235055/Used-2017-BMW-X5-xDrive35i-for-sale-in-Louisville-KY-40207,Louisville,502-447-3450,690,D48040C
2C4RC1FG8JR334275,2018,Chrysler,Pacifica,Touring Plus,14175,118671,,,Bright White Clearcoat; 9-SPEED 948TE FWD AUTOMATIC; V6 Cylinder Engine; Front Wheel Drive,https://imagescdn.dealercarsearch.com/Media/1123/24235011/639233542756333910.jpg,https://www.craigandlandrethcars.com/vdp/24235011/Used-2018-Chrysler-Pacifica-Touring-Plus-for-sale-in-Louisville-KY-40207,Louisville,502-447-3450,690,D47892A
1VWLA7A37KC001432,2019,Volkswagen,Passat,Wolfsburg Edition,13900,103387,,,Reflex Silver Metallic; Automatic; 4 Cylinder Engine; Front Wheel Drive,https://imagescdn.dealercarsearch.com/Media/1123/24205251/639233542870815371.jpg,https://www.craigandlandrethcars.com/vdp/24205251/Used-2019-Volkswagen-Passat-Wolfsburg-Edition-for-sale-in-Louisville-KY-40207,Louisville,502-447-3450,690,D48506A
WMEFJ5DA1GK066502,2016,Smart,Fortwo,,13700,30396,,,Orange; Automatic; 1.0L I3; RWD,https://imagescdn.dealercarsearch.com/Media/1129/24157543/639233645679220461.jpg,https://www.craigandlandrethcars.com/vdp/24157543/Used-2016-Smart-Fortwo-for-sale-in-Clarksville-IN-47129,Clarksville,812-280-8018,260,MU20985
1G2MB35B18Y103730,2008,Pontiac,Solstice,Base,13500,13647,,,Envious (Emerald Green Metallic); LEATHER SEATING SURFACES; 5-SPEED MANUAL; 4 Cylinder Engine; Rear Wheel Drive,https://imagescdn.dealercarsearch.com/Media/1123/24168657/639233541855628623.jpg,https://www.craigandlandrethcars.com/vdp/24168657/Used-2008-Pontiac-Solstice-Base-for-sale-in-Louisville-KY-40207,Louisville,502-447-3450,690,D47941
SALGS2DF4DA103546,2013,Land,Rover Range Rover,HSE,12999,111899,,,Santorini Black Metallic; Automatic w/Manual Shift; 8 Cylinder Engine; Four Wheel Drive,https://imagescdn.dealercarsearch.com/Media/1123/24168728/639233543260839381.jpg,https://www.craigandlandrethcars.com/vdp/24168728/Used-2013-Land-Rover-Range-Rover-HSE-for-sale-in-Louisville-KY-40207,Louisville,502-447-3450,690,D47302HD
1GKEL19XX3B509884,2003,GMC,Safari,Passenger Van AWD,12800,133135,,,"Light Autumnwood Metallic; CUSTOM CLOTH; 4-SPEED AUTOMATIC, ELECTRONICALLY CONTROLLED W/OVE; V6 Cylinder Engine; All Wheel Drive",https://imagescdn.dealercarsearch.com/Media/1123/24234997/639233542924955920.jpg,https://www.craigandlandrethcars.com/vdp/24234997/Used-2003-GMC-Safari-Passenger-Van-AWD-for-sale-in-Louisville-KY-40207,Louisville,502-447-3450,690,D48447
1ZVHT84N495125403,2009,Ford,Mustang,V6,11800,81282,,,Red; Cloth; 5 Speed Automatic; 4.0L V6 SOHC; RWD,https://imagescdn.dealercarsearch.com/Media/1129/24051715/639233644970839628.jpg,https://www.craigandlandrethcars.com/vdp/24051715/Used-2009-Ford-Mustang-V6-for-sale-in-Clarksville-IN-47129,Clarksville,812-280-8018,260,MU20909A
5XXGT4L39LG447934,2020,Kia,Optima,LX,11800,100287,,,Black; Cloth; 6 Speed Automatic; 2.4L I4 DGI DOHC; FWD,https://imagescdn.dealercarsearch.com/Media/1129/24198494/639232779656825060.jpg,https://www.craigandlandrethcars.com/vdp/24198494/Used-2020-Kia-Optima-LX-for-sale-in-Clarksville-IN-47129,Clarksville,812-280-8018,260,MU21018
WDDNG71X48A182142,2008,Mercedes-Benz,S-Class,S550,11750,51015,,,Not Specified; Automatic; 8 Cylinder Engine; Rear Wheel Drive,https://imagescdn.dealercarsearch.com/Media/1123/24168839/639233543147316309.jpg,https://www.craigandlandrethcars.com/vdp/24168839/Used-2008-MercedesBenz-SClass-S550-for-sale-in-Louisville-KY-40207,Louisville,502-447-3450,690,D47981B
4T1FA38P38U155099,2008,Toyota,Camry Solara,SLE Convertible,10900,115037,,,Absolutely Red; 5-Speed Shiftable Automatic; V6 Cylinder Engine; Front Wheel Drive,https://imagescdn.dealercarsearch.com/Media/1123/24205254/639233544631509429.jpg,https://www.craigandlandrethcars.com/vdp/24205254/Used-2008-Toyota-Camry-Solara-SLE-Convertible-for-sale-in-Louisville-KY-40207,Louisville,502-447-3450,690,D48362A
10704412057191,1979,Mercedes-Benz,SL-Class,450SL,10800,102249,,,Beige; Leather; auto; 6-Cylinder,https://imagescdn.dealercarsearch.com/Media/1123/23731495/639127336061288887.jpg,https://www.craigandlandrethcars.com/vdp/23731495/Used-1979-MercedesBenz-SLClass-450SL-for-sale-in-Louisville-KY-40207,Louisville,502-447-3450,690,D47889
3VV0B7AX7LM075845,2020,Volkswagen,Tiguan,S 4Motion,10800,143706,,,Platinum Gray Metallic; Automatic; 4 Cylinder Engine; All Wheel Drive,https://imagescdn.dealercarsearch.com/Media/1123/24248079/639235562996481834.jpg,https://www.craigandlandrethcars.com/vdp/24248079/Used-2020-Volkswagen-Tiguan-S-4Motion-for-sale-in-Louisville-KY-40207,Louisville,502-447-3450,690,D48435
1FAHP60AX3Y111807,2003,Ford,Thunderbird,Premium,10500,80924,,,WHI; 5-SPEED AUTOMATIC TRANSMISSION W/OD; 8 Cylinder Engine; RearWheelDrive,https://imagescdn.dealercarsearch.com/Media/1123/24168639/639233541572892278.jpg,https://www.craigandlandrethcars.com/vdp/24168639/Used-2003-Ford-Thunderbird-Premium-for-sale-in-Louisville-KY-40207,Louisville,502-447-3450,690,D47755
5XYZG3AB0CG138978,2012,Hyundai,Santa Fe,GLS,10400,103005,,,Silver; Cloth; 6-Speed Automatic with Shiftronic; 2.4L 4-Cylinder DOHC 16V; FWD,https://imagescdn.dealercarsearch.com/Media/1129/24151394/639233645602902741.jpg,https://www.craigandlandrethcars.com/vdp/24151394/Used-2012-Hyundai-Santa-Fe-GLS-for-sale-in-Clarksville-IN-47129,Clarksville,812-280-8018,260,MU20990
2C4RDGBG9DR643151,2013,Dodge,Grand Caravan,SE,8895,164075,,,Stone White Clearcoat; CLOTH SEAT TRIM; 6 Speed Automatic; V6 Cylinder Engine; FWD,https://imagescdn.dealercarsearch.com/Media/3833/24218201/639233615141532480.jpg,https://www.craigandlandrethcars.com/vdp/24218201/Used-2013-Dodge-Grand-Caravan-SE-for-sale-in-Bullitt-County-KY-40165,Bullitt County,502-543-6276,690,D48105A
1FM5K7F93DGA20203,2013,Ford,Explorer,Limited FWD,7990,265947,,,Deep Impact Blue Metallic; 6-Speed Automatic; 999; FWD,https://imagescdn.dealercarsearch.com/DealerImages/1123/1123_newarrivalphoto.jpg,https://www.craigandlandrethcars.com/vdp/24168643/Used-2013-Ford-Explorer-Limited-FWD-for-sale-in-Louisville-KY-40207,Louisville,502-447-3450,690,D48050A
5GAKRCED1CJ248432,2012,Buick,Enclave,Leather Group,6994,155483,,,White; Leather; 6 Speed Automatic; 3.6L V6 SIDI DOHC VVT; FWD,https://imagescdn.dealercarsearch.com/Media/1129/23994943/639233643951082105.jpg,https://www.craigandlandrethcars.com/vdp/23994943/Used-2012-Buick-Enclave-Leather-Group-for-sale-in-Clarksville-IN-47129,Clarksville,812-280-8018,260,MU20844A
1GCCS149698105033,2009,Chevrolet,Colorado,Work Truck 2WD,5500,169926,,,Summit White; DELUXE CLOTH; 5-SPEED MANUAL WITH OVERDRIVE; 4 Cylinder Engine; Rear Wheel Drive,https://imagescdn.dealercarsearch.com/Media/1123/24168652/639233542222916961.jpg,https://www.craigandlandrethcars.com/vdp/24168652/Used-2009-Chevrolet-Colorado-Work-Truck-2WD-for-sale-in-Louisville-KY-40207,Louisville,502-447-3450,690,D47546A
WBABS33461JY40540,2001,BMW,3-Series,325Ci convertible,5000,204453,,,BLK; 5-SPEED MANUAL TRANSMISSION W/DIRECT 5TH GEAR; Straight 6 Cylinder Engine; Rear Wheel Drive,https://imagescdn.dealercarsearch.com/Media/1123/24243510/639234698834999656.jpg,https://www.craigandlandrethcars.com/vdp/24243510/Used-2001-BMW-3Series-325Ci-convertible-for-sale-in-Louisville-KY-40207,Louisville,502-447-3450,690,D48442
WBAWL13577PX14530,2007,BMW,3-Series,328i Convertible,3000,126731,,,Tan; 6-SPEED MANUAL TRANSMISSION; Straight 6 Cylinder Engine; Rear Wheel Drive,https://imagescdn.dealercarsearch.com/Media/1123/24168842/639233543119991798.jpg,https://www.craigandlandrethcars.com/vdp/24168842/Used-2007-BMW-3Series-328i-Convertible-for-sale-in-Louisville-KY-40207,Louisville,502-447-3450,690,D47883A
1Z87L8S906373,1978,Chevrolet,Corvette,,,5730,,,BLK/SIL,https://imagescdn.dealercarsearch.com/Media/1123/24235019/639233542818684079.jpg,https://www.craigandlandrethcars.com/vdp/24235019/Used-1978-Chevrolet-Corvette-for-sale-in-Louisville-KY-40207,Louisville,502-447-3450,690,D48445
1FTEW1E54LFC02064,2020,Ford,F-150,XL SuperCrew 6.5-ft. Bed 4WD,,113005,,,Iconic Silver; 10-Speed Shiftable Automatic; 8 Cylinder Engine; Four Wheel Drive,https://imagescdn.dealercarsearch.com/DealerImages/1123/1123_newarrivalphoto.jpg,https://www.craigandlandrethcars.com/vdp/24234991/Used-2020-Ford-F150-XL-SuperCrew-65ft-Bed-4WD-for-sale-in-Louisville-KY-40207,Louisville,502-447-3450,690,D48410
1C4RDJDG0HC907575,2017,Dodge,Durango,GT AWD,,147903,,,Granite Metallic Clearcoat; 8-SPEED AUTOMATIC (845RE); V6 Cylinder Engine; All Wheel Drive,https://imagescdn.dealercarsearch.com/DealerImages/1123/1123_newarrivalphoto.jpg,https://www.craigandlandrethcars.com/vdp/24248870/Used-2017-Dodge-Durango-GT-AWD-for-sale-in-Louisville-KY-40207,Louisville,502-447-3450,690,D48060A
5NTJEDDF0SH139029,2025,Hyundai,Santa Cruz,Limited AWD,,36547,,,Atlas White; LEATHER-TRIMMED SEAT TRIM; Auto-Shift Manual; 4 Cylinder Engine; All Wheel Drive,https://imagescdn.dealercarsearch.com/DealerImages/1123/1123_newarrivalphoto.jpg,https://www.craigandlandrethcars.com/vdp/24193326/Used-2025-Hyundai-Santa-Cruz-Limited-AWD-for-sale-in-Louisville-KY-40207,Louisville,502-447-3450,690,D48390
5FNRL6H71NB049333,2022,Honda,Odyssey,EX-L,,68907,,,Radiant Red Metallic II; LEATHER SEAT TRIM; 10-Speed Shiftable Automatic; V6 Cylinder Engine; Front Wheel Drive,https://imagescdn.dealercarsearch.com/DealerImages/1123/1123_newarrivalphoto.jpg,https://www.craigandlandrethcars.com/vdp/24235061/Used-2022-Honda-Odyssey-EXL-for-sale-in-Louisville-KY-40207,Louisville,502-447-3450,690,D48426
5LMCJ1C94JUL00427,2018,Lincoln,MKC,Premiere FWD,,136379,,,White Platinum Metallic Tri-Coat; 6-SPEED AUTOMATIC W/SELECTSHIFT; 4 Cylinder Engine; Front Wheel Drive,https://imagescdn.dealercarsearch.com/DealerImages/1123/1123_newarrivalphoto.jpg,https://www.craigandlandrethcars.com/vdp/24235062/Used-2018-Lincoln-MKC-Premiere-FWD-for-sale-in-Louisville-KY-40207,Louisville,502-447-3450,690,D48416A
1C4RDHDG8NC218288,2022,Dodge,Durango,GT Plus,,74814,,,DB Black Clearcoat; 8-SPEED AUTOMATIC (850RE); V6 Cylinder Engine; Rear Wheel Drive,https://imagescdn.dealercarsearch.com/DealerImages/1123/1123_newarrivalphoto.jpg,https://www.craigandlandrethcars.com/vdp/24205239/Used-2022-Dodge-Durango-GT-Plus-for-sale-in-Louisville-KY-40207,Louisville,502-447-3450,690,D48399
1FMCU9MN8SUA87830,2025,Ford,Escape,ST-Line AWD,,30664,,,Agate Black; 8-SPEED AUTOMATIC; 3 Cylinder Engine; All Wheel Drive,https://imagescdn.dealercarsearch.com/DealerImages/1123/1123_newarrivalphoto.jpg,https://www.craigandlandrethcars.com/vdp/24244495/Used-2025-Ford-Escape-STLine-AWD-for-sale-in-Louisville-KY-40207,Louisville,502-447-3450,690,D48468
1N4BL4DV3PN425616,2023,Nissan,Altima,2.5 SV,,58167,,,White; Cloth; CVT; 2.5L 4-Cylinder DOHC 16V; FWD,https://imagescdn.dealercarsearch.com/Media/1129/23829642/639137019251390942.jpg,https://www.craigandlandrethcars.com/vdp/23829642/Used-2023-Nissan-Altima-25-SV-for-sale-in-Clarksville-IN-47129,Clarksville,812-280-8018,260,MU20770
1C4AJWAG9GL313699,2016,Jeep,Wrangler,Sport 4WD,,86763,,,Firecracker Red Clearcoat; 6-SPEED MANUAL (NSG370); V6 Cylinder Engine; Four Wheel Drive,https://imagescdn.dealercarsearch.com/Media/1123/24234977/639234698832878453.jpg,https://www.craigandlandrethcars.com/vdp/24234977/Used-2016-Jeep-Wrangler-Sport-4WD-for-sale-in-Louisville-KY-40207,Louisville,502-447-3450,690,D48431
WVWBN7AN5EE504664,2014,Volkswagen,CC,Sport w/Lighting Package,,86917,,,Night Blue Metallic; Auto-Shift Manual; 4 Cylinder Engine; Front Wheel Drive,https://imagescdn.dealercarsearch.com/DealerImages/1123/1123_newarrivalphoto.jpg,https://www.craigandlandrethcars.com/vdp/24239611/Used-2014-Volkswagen-CC-Sport-wLighting-Package-for-sale-in-Louisville-KY-40207,Louisville,502-447-3450,690,D48367A
KMHRC8A30SU369373,2025,Hyundai,Venue,SEL,,39760,,,Shimmering Silver; CLOTH SEAT TRIM; CVT; 4 Cylinder Engine; Front Wheel Drive,https://imagescdn.dealercarsearch.com/DealerImages/1123/1123_newarrivalphoto.jpg,https://www.craigandlandrethcars.com/vdp/24244501/Used-2025-Hyundai-Venue-SEL-for-sale-in-Louisville-KY-40207,Louisville,502-447-3450,690,D48469
1FTFW1ET1BFD07517,2011,Ford,F-150,XLT SuperCrew 6.5-ft. Bed 4WD,,153397,,,Tuxedo Black Metallic; 6-SPEED ELECTRONIC AUTOMATIC TRANSMISSION W/OD &amp; T; V6 Cylinder Engine; 4-Wheel Drive,https://imagescdn.dealercarsearch.com/DealerImages/1123/1123_newarrivalphoto.jpg,https://www.craigandlandrethcars.com/vdp/24234992/Used-2011-Ford-F150-XLT-SuperCrew-65ft-Bed-4WD-for-sale-in-Louisville-KY-40207,Louisville,502-447-3450,690,D48413B
1G1ZD5ST4PF232875,2023,Chevrolet,Malibu,1LT,,54392,,,Sterling Gray Metallic; PREMIUM CLOTH SEAT TRIM; CONTINUOUSLY VARIABLE (CVT); 4 Cylinder Engine; Front Wheel Drive,https://imagescdn.dealercarsearch.com/DealerImages/1123/1123_newarrivalphoto.jpg,https://www.craigandlandrethcars.com/vdp/24235014/Used-2023-Chevrolet-Malibu-1LT-for-sale-in-Louisville-KY-40207,Louisville,502-447-3450,690,D48421
1FTEX1C52LFB69338,2020,Ford,F-150,XLT SuperCab 8-ft. 2WD,,97975,,,Oxford White; 10-Speed Shiftable Automatic; 8 Cylinder Engine; Rear Wheel Drive,https://imagescdn.dealercarsearch.com/DealerImages/1123/1123_newarrivalphoto.jpg,https://www.craigandlandrethcars.com/vdp/24234993/Used-2020-Ford-F150-XLT-SuperCab-8ft-2WD-for-sale-in-Louisville-KY-40207,Louisville,502-447-3450,690,D48423
1FTEX1CB8NKE67795,2022,Ford,F-150,XLT SuperCab 8-ft. 2WD,,116350,,,Oxford White; 10-Speed Shiftable Automatic; V6 Cylinder Engine; Rear Wheel Drive,https://imagescdn.dealercarsearch.com/DealerImages/1123/1123_newarrivalphoto.jpg,https://www.craigandlandrethcars.com/vdp/24198136/Used-2022-Ford-F150-XLT-SuperCab-8ft-2WD-for-sale-in-Louisville-KY-40207,Louisville,502-447-3450,690,D48405
1FTEX3K84SKD41401,2025,Ford,F-150,XLT SuperCab 2WD,,190,,,Oxford White; 10-Speed Shiftable Automatic; V6 Cylinder Engine; Rear Wheel Drive,https://imagescdn.dealercarsearch.com/DealerImages/1123/1123_newarrivalphoto.jpg,https://www.craigandlandrethcars.com/vdp/24234994/Used-2025-Ford-F150-XLT-SuperCab-2WD-for-sale-in-Louisville-KY-40207,Louisville,502-447-3450,690,D48434
1FTRF3B67HEC89465,2017,Ford,F-350 SD,XL 4WD,,53001,,,Oxford White; 6-Speed Shiftable Automatic; 8 Cylinder Engine; Four Wheel Drive,https://imagescdn.dealercarsearch.com/DealerImages/1123/1123_newarrivalphoto.jpg,https://www.craigandlandrethcars.com/vdp/24234995/Used-2017-Ford-F350-SD-XL-4WD-for-sale-in-Louisville-KY-40207,Louisville,502-447-3450,690,D48427
2C4RC1BG7PR529170,2023,Chrysler,Pacifica,Touring L,,81299,,,Brilliant Black Crystal Pearlcoat; 9-SPEED 948TE AUTOMATIC; V6 Cylinder Engine; Front Wheel Drive,https://imagescdn.dealercarsearch.com/DealerImages/1123/1123_newarrivalphoto.jpg,https://www.craigandlandrethcars.com/vdp/24235413/Used-2023-Chrysler-Pacifica-Touring-L-for-sale-in-Louisville-KY-40207,Louisville,502-447-3450,690,D48455
1GKS1KE08DR275924,2013,GMC,Yukon XL,SLT 1/2 Ton 2WD,,91256,,,WHI; ULTRASOFT LEATHER-APPOINTED SEAT TRIM; LMG; RWD,https://imagescdn.dealercarsearch.com/DealerImages/1123/1123_newarrivalphoto.jpg,https://www.craigandlandrethcars.com/vdp/24239606/Used-2013-GMC-Yukon-XL-SLT-12-Ton-2WD-for-sale-in-Louisville-KY-40207,Louisville,502-447-3450,690,D48458
2C4RC1BG6DR605053,2013,Chrysler,Town &amp; Country,Touring,,129029,,,Deep Cherry Red Crystal Pearl; LEATHER SEAT TRIM; 6-SPEED AUTOMATIC TRANSMISSION W/AUTOSTICK; V6 Cylinder Engine; Front Wheel Drive,https://imagescdn.dealercarsearch.com/DealerImages/1123/1123_newarrivalphoto.jpg,https://www.craigandlandrethcars.com/vdp/24239607/Used-2013-Chrysler-Town-Country-Touring-for-sale-in-Louisville-KY-40207,Louisville,502-447-3450,690,D48461
2LMPJ8K92MBL16090,2021,Lincoln,Nautilus,Reserve AWD,,34381,,,Infinite Black; 8-SPEED AUTOMATIC; 4 Cylinder Engine; All Wheel Drive,https://imagescdn.dealercarsearch.com/DealerImages/1123/1123_newarrivalphoto.jpg,https://www.craigandlandrethcars.com/vdp/24244499/Used-2021-Lincoln-Nautilus-Reserve-AWD-for-sale-in-Louisville-KY-40207,Louisville,502-447-3450,690,D48471
W1N4N4GB2PJ463773,2023,Mercedes-Benz,GLA-Class,GLA250,,29473,,,Polar White; Auto-Shift Manual; 4 Cylinder Engine; Front Wheel Drive,https://imagescdn.dealercarsearch.com/DealerImages/1123/1123_newarrivalphoto.jpg,https://www.craigandlandrethcars.com/vdp/24235064/Used-2023-MercedesBenz-GLAClass-GLA250-for-sale-in-Louisville-KY-40207,Louisville,502-447-3450,690,D48448
3GNAXHEV1MS164754,2021,Chevrolet,Equinox,LS 2WD,,54004,,,"Silver Ice Metallic; PREMIUM CLOTH SEAT TRIM; 6-SPEED AUTOMATIC, ELECTRONICALLY-CONTROLLED WITH; 4 Cylinder Engine; Front Wheel Drive",https://imagescdn.dealercarsearch.com/Media/1123/24244496/639235562993470372.jpg,https://www.craigandlandrethcars.com/vdp/24244496/Used-2021-Chevrolet-Equinox-LS-2WD-for-sale-in-Louisville-KY-40207,Louisville,502-447-3450,690,D48466
3GNCJKSB8JL156612,2018,Chevrolet,Trax,LS FWD,,41787,,,Storm Blue Metallic; 6-SPEED MANUAL; 4 Cylinder Engine; Front Wheel Drive,https://imagescdn.dealercarsearch.com/DealerImages/1123/1123_newarrivalphoto.jpg,https://www.craigandlandrethcars.com/vdp/24244497/Used-2018-Chevrolet-Trax-LS-FWD-for-sale-in-Louisville-KY-40207,Louisville,502-447-3450,690,D48465
2G1WH52K239174704,2003,Chevrolet,Impala,LS,,79191,,,"Black; LEATHER SEAT TRIM; 4-SPEED AUTOMATIC, ELECTRONICALLY CONTROLLED W/OVE; V6 Cylinder Engine; Front Wheel Drive",https://imagescdn.dealercarsearch.com/DealerImages/1123/1123_newarrivalphoto.jpg,https://www.craigandlandrethcars.com/vdp/24244498/Used-2003-Chevrolet-Impala-LS-for-sale-in-Louisville-KY-40207,Louisville,502-447-3450,690,D48464BC
2T3RF4DV3BW168183,2011,Toyota,RAV4,Sport I4 4WD,,,,,Super White; 4-Speed Automatic; 4 Cylinder Engine; Four Wheel Drive,https://imagescdn.dealercarsearch.com/DealerImages/1123/1123_newarrivalphoto.jpg,https://www.craigandlandrethcars.com/vdp/24248871/Used-2011-Toyota-RAV4-Sport-I4-4WD-for-sale-in-Louisville-KY-40207,Louisville,502-447-3450,690,D48473
2GNAXKEV1N6152231,2022,Chevrolet,Equinox,LT 1.5 2WD,,52140,,,"Iron Gray Metallic; PREMIUM CLOTH SEAT TRIM; 6-SPEED AUTOMATIC, ELECTRONICALLY-CONTROLLED WITH; 4 Cylinder Engine; Front Wheel Drive",https://imagescdn.dealercarsearch.com/DealerImages/1123/1123_newarrivalphoto.jpg,https://www.craigandlandrethcars.com/vdp/24235048/Used-2022-Chevrolet-Equinox-LT-15-2WD-for-sale-in-Louisville-KY-40207,Louisville,502-447-3450,690,D48412
3C4NJDBN5ST532188,2025,Jeep,Compass,Latitude,,10915,,,Bright White Clearcoat; 8-SPEED AUTOMATIC 8F30; 4 Cylinder Engine; Four Wheel Drive,https://imagescdn.dealercarsearch.com/Media/1123/24235058/639235269511200352.jpg,https://www.craigandlandrethcars.com/vdp/24235058/Used-2025-Jeep-Compass-Latitude-for-sale-in-Louisville-KY-40207,Louisville,502-447-3450,690,D48430
3GCPDKEK9PG261383,2023,Chevrolet,Silverado 1500,LT-L Crew Cab 4WD,,21336,,,"Black; CLOTH SEAT TRIM; 8-SPEED AUTOMATIC, ELECTRONICALLY CONTROLLED; 4 Cylinder Engine; Four Wheel Drive",https://imagescdn.dealercarsearch.com/DealerImages/1123/1123_newarrivalphoto.jpg,https://www.craigandlandrethcars.com/vdp/24235059/Used-2023-Chevrolet-Silverado-1500-LTL-Crew-Cab-4WD-for-sale-in-Louisville-KY-40207,Louisville,502-447-3450,690,D48425
1C4GJXAN0LW199762,2020,Jeep,Wrangler,Sport S 4x4,,99565,,,Black; ENGINE: 2.0L I4 DOHC DI TURBO W/ESS,https://imagescdn.dealercarsearch.com/Media/1129/23994487/639172319112764125.jpg,https://www.craigandlandrethcars.com/vdp/23994487/Used-2020-Jeep-Wrangler-Sport-S-4x4-for-sale-in-Clarksville-IN-47129,Clarksville,812-280-8018,260,199762
2FMPK3K96MBA50410,2021,Ford,Edge,Titanium,,21896,,,Lithium Gray; 8-Speed Shiftable Automatic; 4 Cylinder Engine; Front Wheel Drive,https://imagescdn.dealercarsearch.com/DealerImages/1123/1123_newarrivalphoto.jpg,https://www.craigandlandrethcars.com/vdp/24168714/Used-2021-Ford-Edge-Titanium-for-sale-in-Louisville-KY-40207,Louisville,502-447-3450,690,D48348
WAU22AFC5HN118289,2017,Audi,A7,Prestige quattro,,78638,,,Mythos Black Metallic; Automatic; V6 Cylinder Engine; All Wheel Drive,https://imagescdn.dealercarsearch.com/DealerImages/1123/1123_newarrivalphoto.jpg,https://www.craigandlandrethcars.com/vdp/24205255/Used-2017-Audi-A7-Prestige-quattro-for-sale-in-Louisville-KY-40207,Louisville,502-447-3450,690,D48408A
KNDCP3LE7S5304692,2025,Kia,Niro,LX,,24432,,,Interstellar Gray; CLOTH-TRIMMED SEATS; 6-Speed Double Clutch; 4 Cylinder Engine; Front Wheel Drive,https://imagescdn.dealercarsearch.com/Media/1123/24235072/639235562996138276.jpg,https://www.craigandlandrethcars.com/vdp/24235072/Used-2025-Kia-Niro-LX-for-sale-in-Louisville-KY-40207,Louisville,502-447-3450,690,D48414
4T1K61AKXPU079981,2023,Toyota,Camry,XSE,,45934,,,Wind Chill Pearl w/Midnight Black Metallic Roof; PERFORATED LEATHER SEAT TRIM; 8-Speed Automatic w/Sequential Shift Mode; 2.5L L4 DOHC 16V; FWD,https://imagescdn.dealercarsearch.com/DealerImages/1123/1123_newarrivalphoto.jpg,https://www.craigandlandrethcars.com/vdp/24239609/Used-2023-Toyota-Camry-XSE-for-sale-in-Louisville-KY-40207,Louisville,502-447-3450,690,D48460
4JGDF6EE0KB237677,2019,Mercedes-Benz,GLS-Class,GLS450 4MATIC,,62670,,,Polar White; Automatic; V6 Cylinder Engine; 4MATIC,https://imagescdn.dealercarsearch.com/DealerImages/1123/1123_newarrivalphoto.jpg,https://www.craigandlandrethcars.com/vdp/24248872/Used-2019-MercedesBenz-GLSClass-GLS450-4MATIC-for-sale-in-Louisville-KY-40207,Louisville,502-447-3450,690,D48263A
3FA6P0UU9JR254476,2018,Ford,Fusion Hybrid,S,,21775,,,Oxford White; CVT; 4 Cylinder Engine; Front Wheel Drive,https://imagescdn.dealercarsearch.com/Media/1123/24070707/639236426038033772.jpg,https://www.craigandlandrethcars.com/vdp/24070707/Used-2018-Ford-Fusion-Hybrid-S-for-sale-in-Louisville-KY-40207,Louisville,502-447-3450,690,D48274
1GYKPCRS8LZ144481,2020,Cadillac,XT6,Premium Luxury,,70341,,,Stellar Black Metallic; LEATHER SEATING SURFACES WITH MINI-PERFORATED INSE; 9-SPEED AUTOMATIC; V6 Cylinder Engine; Front Wheel Drive,https://imagescdn.dealercarsearch.com/Media/1123/24248074/639236426038033772.jpg,https://www.craigandlandrethcars.com/vdp/24248074/Used-2020-Cadillac-XT6-Premium-Luxury-for-sale-in-Louisville-KY-40207,Louisville,502-447-3450,690,D48318A
JA4ATUAA1RZ047857,2024,Mitsubishi,Eclipse Cross,ES AWD,,50028,,,Labrador Black Pearl; 1.5L L4 DOHC 16V; AWD,https://imagescdn.dealercarsearch.com/DealerImages/1123/1123_newarrivalphoto.jpg,https://www.craigandlandrethcars.com/vdp/24235047/Used-2024-Mitsubishi-Eclipse-Cross-ES-AWD-for-sale-in-Louisville-KY-40207,Louisville,502-447-3450,690,D48409
3C4NJDDB2LT171720,2020,Jeep,Compass,Trailhawk 4WD,,75263,,,Granite Crystal Metallic Clearcoat; 9-SPEED 948TE AUTOMATIC; 4 Cylinder Engine; Four Wheel Drive,https://imagescdn.dealercarsearch.com/DealerImages/1123/1123_newarrivalphoto.jpg,https://www.craigandlandrethcars.com/vdp/24168832/Used-2020-Jeep-Compass-Trailhawk-4WD-for-sale-in-Louisville-KY-40207,Louisville,502-447-3450,690,D48359A
3GTUUGEL2PG163479,2023,GMC,Sierra 1500,Denali Crew Cab Short Box 4WD,,8934,,,Sterling Metallic; FORGE PERFORATED LEATHER SEAT TRIM; 10-SPEED AUTOMATIC WITH ELECTRONIC PRECISION SHIFT; 8 Cylinder Engine; Four Wheel Drive,https://imagescdn.dealercarsearch.com/Media/1123/24193316/639235562994095327.jpg,https://www.craigandlandrethcars.com/vdp/24193316/Used-2023-GMC-Sierra-1500-Denali-Crew-Cab-Short-Box-4WD-for-sale-in-Louisville-KY-40207,Louisville,502-447-3450,690,D48128A
2C4RC1GG9RR128733,2024,Chrysler,Pacifica,Limited,,52753,,,Bright White Clearcoat; 9-SPEED 948TE AUTOMATIC; V6 Cylinder Engine; Front Wheel Drive,https://imagescdn.dealercarsearch.com/DealerImages/1123/1123_newarrivalphoto.jpg,https://www.craigandlandrethcars.com/vdp/24193300/Used-2024-Chrysler-Pacifica-Limited-for-sale-in-Louisville-KY-40207,Louisville,502-447-3450,690,D48384
1N4BL4DV8SN383209,2025,Nissan,Altima,2.5 SV,,27490,,,Gun Metallic; CLOTH SEAT TRIM; CVT; 4 Cylinder Engine; Front Wheel Drive,https://imagescdn.dealercarsearch.com/DealerImages/1123/1123_newarrivalphoto.jpg,https://www.craigandlandrethcars.com/vdp/24235016/Used-2025-Nissan-Altima-25-SV-for-sale-in-Louisville-KY-40207,Louisville,502-447-3450,690,D48429
1G1ZD5ST0MF010118,2021,Chevrolet,Malibu,LT,,66061,,,Shadow Gray Metallic; PREMIUM CLOTH SEAT TRIM; CONTINUOUSLY VARIABLE (CVT); 4 Cylinder Engine; Front Wheel Drive,https://imagescdn.dealercarsearch.com/DealerImages/1123/1123_newarrivalphoto.jpg,https://www.craigandlandrethcars.com/vdp/24235015/Used-2021-Chevrolet-Malibu-LT-for-sale-in-Louisville-KY-40207,Louisville,502-447-3450,690,D48432
1G1YB2D78H5103609,2017,Chevrolet,Corvette,1LT Coupe Automatic,,80091,,,Torch Red; LT1; RWD,https://imagescdn.dealercarsearch.com/DealerImages/1123/1123_newarrivalphoto.jpg,https://www.craigandlandrethcars.com/vdp/24235406/Used-2017-Chevrolet-Corvette-1LT-Coupe-Automatic-for-sale-in-Louisville-KY-40207,Louisville,502-447-3450,690,D48457
1GAWGFFP7N1183842,2022,Chevrolet,Express,LT 2500,,73640,,,"WHI; 8-SPEED AUTOMATIC, ELECTRONICALLY CONTROLLED; V6 Cylinder Engine; Rear Wheel Drive",https://imagescdn.dealercarsearch.com/DealerImages/1123/1123_newarrivalphoto.jpg,https://www.craigandlandrethcars.com/vdp/24239605/Used-2022-Chevrolet-Express-LT-2500-for-sale-in-Louisville-KY-40207,Louisville,502-447-3450,690,D48459
3VVMB7AX2PM084718,2023,Volkswagen,Tiguan,SE 4Motion,,38811,,,Opal White Pearl; Automatic; 4 Cylinder Engine; All Wheel Drive,https://imagescdn.dealercarsearch.com/DealerImages/1123/1123_newarrivalphoto.jpg,https://www.craigandlandrethcars.com/vdp/24235417/Used-2023-Volkswagen-Tiguan-SE-4Motion-for-sale-in-Louisville-KY-40207,Louisville,502-447-3450,690,D48454
4S4WMASD2P3441959,2023,Subaru,Ascent,Unknown,,52706,,,Crystal White Pearl; PERFORATED LEATHER-TRIMMED UPHOLSTERY; CVT; 4 Cylinder Engine; All Wheel Drive,https://imagescdn.dealercarsearch.com/DealerImages/1123/1123_newarrivalphoto.jpg,https://www.craigandlandrethcars.com/vdp/24239608/Used-2023-Subaru-Ascent-Unknown-for-sale-in-Louisville-KY-40207,Louisville,502-447-3450,690,D48463
JTEAAAAH5RJ169591,2024,Toyota,Venza,LE,,28866,,,Wind Chill Pearl; SOFTEX SEAT TRIM; CVT w/Sequential Shift Mode; 4 Cylinder Engine; All Wheel Drive,https://imagescdn.dealercarsearch.com/DealerImages/1123/1123_newarrivalphoto.jpg,https://www.craigandlandrethcars.com/vdp/24239610/Used-2024-Toyota-Venza-LE-for-sale-in-Louisville-KY-40207,Louisville,502-447-3450,690,D48462
JN8AZ1MW5EW514353,2014,Nissan,Murano,S AWD,,122182,,,Midnight Garnet; CVT; V6 Cylinder Engine; All Wheel Drive,https://imagescdn.dealercarsearch.com/DealerImages/1123/1123_newarrivalphoto.jpg,https://www.craigandlandrethcars.com/vdp/24244500/Used-2014-Nissan-Murano-S-AWD-for-sale-in-Louisville-KY-40207,Louisville,502-447-3450,690,D48453
4JGDA5HB9GA673659,2016,Mercedes-Benz,GLE-Class,GLE350 4MATIC,,124257,,,Black; Automatic; V6 Cylinder Engine; 4MATIC,https://imagescdn.dealercarsearch.com/DealerImages/1123/1123_newarrivalphoto.jpg,https://www.craigandlandrethcars.com/vdp/24235051/Used-2016-MercedesBenz-GLEClass-GLE350-4MATIC-for-sale-in-Louisville-KY-40207,Louisville,502-447-3450,690,D48171A
ZFBCFYAB7JP645993,2018,Fiat,500x,Pop AWD,,72360,,,Grigio Argento (Gray Metallic); Automatic; 4 Cylinder Engine; All Wheel Drive,https://imagescdn.dealercarsearch.com/DealerImages/1123/1123_newarrivalphoto.jpg,https://www.craigandlandrethcars.com/vdp/24235416/Used-2018-Fiat-500x-Pop-AWD-for-sale-in-Louisville-KY-40207,Louisville,502-447-3450,690,D48288A
JA4J4TA89NZ052626,2022,Mitsubishi,Outlander,ES 4WD,,75550,,,Labrador Black Pearl; CVT; 4 Cylinder Engine; Four Wheel Drive,https://imagescdn.dealercarsearch.com/DealerImages/1123/1123_newarrivalphoto.jpg,https://www.craigandlandrethcars.com/vdp/24193321/Used-2022-Mitsubishi-Outlander-ES-4WD-for-sale-in-Louisville-KY-40207,Louisville,502-447-3450,690,D48387
5FNYG2H54RB009681,2024,Honda,Pilot,EX-L 2WD,,48841,,,Platinum White Pearl; LEATHER SEAT TRIM; 10-Speed Shiftable Automatic; V6 Cylinder Engine; Front Wheel Drive,https://imagescdn.dealercarsearch.com/Media/1123/24193322/639235562994575639.jpg,https://www.craigandlandrethcars.com/vdp/24193322/Used-2024-Honda-Pilot-EXL-2WD-for-sale-in-Louisville-KY-40207,Louisville,502-447-3450,690,D48383
YV40621A1P1994886,2023,Volvo,XC90,B6 Ultimate Bright w/6 Passenger Seating,,29677,,,Onyx Black Metallic; Automatic; 4 Cylinder Engine; All Wheel Drive,https://imagescdn.dealercarsearch.com/DealerImages/1123/1123_newarrivalphoto.jpg,https://www.craigandlandrethcars.com/vdp/24205256/Used-2023-Volvo-XC90-B6-Ultimate-Bright-w6-Passenger-Seating-for-sale-in-Louisville-KY-40207,Louisville,502-447-3450,690,D47943A
4S4WMALD7N3412419,2022,Subaru,Ascent,Limited,,39756,,,Crystal White Pearl; PERFORATED LEATHER-TRIMMED UPHOLSTERY; CVT; 4 Cylinder Engine; All Wheel Drive,https://imagescdn.dealercarsearch.com/Media/1123/24235049/639233544351419401.jpg,https://www.craigandlandrethcars.com/vdp/24235049/Used-2022-Subaru-Ascent-Limited-for-sale-in-Louisville-KY-40207,Louisville,502-447-3450,690,D48413A
1FTFW4L5XTFB11390,2026,Ford,F-150,Tremor,,2054,,,Blue; Leather; 10 Speed; 5.0L V8; 4WD,https://imagescdn.dealercarsearch.com/Media/1129/24198454/639226155491545082.jpg,https://www.craigandlandrethcars.com/vdp/24198454/Used-2026-Ford-F150-Tremor-for-sale-in-Clarksville-IN-47129,Clarksville,812-280-8018,260,MU21020
1GNKRJKD7FJ194119,2015,Chevrolet,Traverse,LTZ,,1,,,Black; Leather; 6 Speed Automatic; 3.6L V6 SIDI; FWD,https://imagescdn.dealercarsearch.com/Media/1129/24224621/639230907338582074.jpg,https://www.craigandlandrethcars.com/vdp/24224621/Used-2015-Chevrolet-Traverse-LTZ-for-sale-in-Clarksville-IN-47129,Clarksville,812-280-8018,260,MU20914A
1G1YC2D46R5117965,2024,Chevrolet,Corvette,Stingray 3LT,,1675,,,Silver; Leather; 8-Speed Dual Clutch; 6.2L V8; RWD,https://imagescdn.dealercarsearch.com/Media/1129/24225836/639235659881762207.jpg,https://www.craigandlandrethcars.com/vdp/24225836/Used-2024-Chevrolet-Corvette-Stingray-3LT-for-sale-in-Clarksville-IN-47129,Clarksville,812-280-8018,260,MU21059
1C6RR6KT5ES303785,2014,RAM,1500,Express,,1,,,Black; Cloth; 8 Speed Automatic; HEMI 5.7L V8 Multi Displacement VVT; RWD,https://imagescdn.dealercarsearch.com/Media/1129/24250356/639236235458125485.jpg,https://www.craigandlandrethcars.com/vdp/24250356/Used-2014-RAM-1500-Express-for-sale-in-Clarksville-IN-47129,Clarksville,812-280-8018,260,MU20838A
1GT49WEY1LF201299,2020,GMC,Sierra 3500HD,Denali,,59028,,,Black; Leather; 10 Speed; Duramax 6.6L V8 Turbodiesel; 4WD,https://imagescdn.dealercarsearch.com/Media/1129/24238327/639234219641549521.jpg,https://www.craigandlandrethcars.com/vdp/24238327/Used-2020-GMC-Sierra-3500HD-Denali-for-sale-in-Clarksville-IN-47129,Clarksville,812-280-8018,260,MU21064
1FMEE5DP1NLB11377,2022,Ford,Bronco,Big Bend,,57034,,,Green; Cloth; 10 Speed; 2.7L EcoBoost V6; 4WD,https://imagescdn.dealercarsearch.com/Media/1129/24228998/639233499781274530.jpg,https://www.craigandlandrethcars.com/vdp/24228998/Used-2022-Ford-Bronco-Big-Bend-for-sale-in-Clarksville-IN-47129,Clarksville,812-280-8018,260,MU21054
1C4PJMDX8KD104287,2019,Jeep,Cherokee,Limited,,60142,,,Silver; Leather; 9 Speed Automatic; 3.2L V6; 4WD,https://imagescdn.dealercarsearch.com/Media/1129/24187988/639224139584925377.jpg,https://www.craigandlandrethcars.com/vdp/24187988/Used-2019-Jeep-Cherokee-Limited-for-sale-in-Clarksville-IN-47129,Clarksville,812-280-8018,260,MU21023
1GKS2JKL1PR373820,2023,GMC,Yukon XL,Denali,,62394,,,Black; Leather; 10-Speed Automatic with Overdrive; EcoTec3 6.2L V8; 4WD,https://imagescdn.dealercarsearch.com/Media/1129/24228993/639234507712917696.jpg,https://www.craigandlandrethcars.com/vdp/24228993/Used-2023-GMC-Yukon-XL-Denali-for-sale-in-Clarksville-IN-47129,Clarksville,812-280-8018,260,MU20665B
1GNSKRKD0NR162504,2022,Chevrolet,Tahoe,RST,,61339,,,Red; Leather; 10-Speed Automatic with Overdrive; EcoTec3 5.3L V8; 4WD,https://imagescdn.dealercarsearch.com/Media/1129/24227988/639232491631571638.jpg,https://www.craigandlandrethcars.com/vdp/24227988/Used-2022-Chevrolet-Tahoe-RST-for-sale-in-Clarksville-IN-47129,Clarksville,812-280-8018,260,MU21053
1GCPTCEK8R1206479,2024,Chevrolet,Colorado,LT,,3414,,,Black; Premium Synthetic; 8 Speed Automatic; 2.7L I4 Turbocharged DOHC 16V LEV3-ULEV50 237hp; 4WD,https://imagescdn.dealercarsearch.com/Media/1129/24236233/639235660889565025.jpg,https://www.craigandlandrethcars.com/vdp/24236233/Used-2024-Chevrolet-Colorado-LT-for-sale-in-Clarksville-IN-47129,Clarksville,812-280-8018,260,206479
2FMPK4J98JBC31401,2018,Ford,Edge,SEL,,1,,,Red; Leather; 6 Speed Automatic; EcoBoost 2.0L I4 GTDi DOHC Turbocharged VCT; AWD,https://imagescdn.dealercarsearch.com/Media/1129/24239488/639234507479393797.jpg,https://www.craigandlandrethcars.com/vdp/24239488/Used-2018-Ford-Edge-SEL-for-sale-in-Clarksville-IN-47129,Clarksville,812-280-8018,260,MU20799B
3C6TR5EJ1KG713173,2019,RAM,2500,Power Wagon,,144878,,,Red; Leather; 8 Speed Automatic; 6.4L Heavy Duty V8 HEMI w/MDS; 4WD,https://imagescdn.dealercarsearch.com/Media/1129/24211001/639228171753318540.jpg,https://www.craigandlandrethcars.com/vdp/24211001/Used-2019-RAM-2500-Power-Wagon-for-sale-in-Clarksville-IN-47129,Clarksville,812-280-8018,260,MU21062A
2G61M5S32G9141846,2016,Cadillac,XTS,Luxury,,120438,,,White; Leather; 6 Speed Automatic; 3.6L V6 DGI DOHC VVT; FWD,https://imagescdn.dealercarsearch.com/Media/1129/24247065/639235660905232836.jpg,https://www.craigandlandrethcars.com/vdp/24247065/Used-2016-Cadillac-XTS-Luxury-for-sale-in-Clarksville-IN-47129,Clarksville,812-280-8018,260,MU21071
19UDE4H29RA003181,2024,Acura,Integra,Base,,36483,,,Silver; CVT; 1.5L I4 DOHC 16V; FWD,https://imagescdn.dealercarsearch.com/Media/1129/24247037/639235660920156300.jpg,https://www.craigandlandrethcars.com/vdp/24247037/Used-2024-Acura-Integra-Base-for-sale-in-Clarksville-IN-47129,Clarksville,812-280-8018,260,MU21077
1C4BJWDG7JL860123,2018,Jeep,Wrangler JK Unlimited,Unlimited Willys Wheeler,,72155,,,Black; Cloth; 5 Speed Automatic; 3.6L V6 24V VVT; 4WD,https://imagescdn.dealercarsearch.com/Media/1129/24244730/639236091798319388.jpg,https://www.craigandlandrethcars.com/vdp/24244730/Used-2018-Jeep-Wrangler-JK-Unlimited-Unlimited-Willys-Wheeler-for-sale-in-Clarksville-IN-47129,Clarksville,812-280-8018,260,MU20733B
1C6RR6KG8HS835782,2017,RAM,1500,Tradesman,,33953,,,Blue; Cloth; 8 Speed Automatic; 3.6L V6 24V VVT; RWD,https://imagescdn.dealercarsearch.com/Media/1129/24204782/639232203749465487.jpg,https://www.craigandlandrethcars.com/vdp/24204782/Used-2017-RAM-1500-Tradesman-for-sale-in-Clarksville-IN-47129,Clarksville,812-280-8018,260,MU21030
1FMSK7DH3MGA59192,2021,Ford,Explorer,XLT,,144873,,,Carbonized Gray; Automatic; 4 Cylinder Engine; RWD,https://imagescdn.dealercarsearch.com/Media/3833/24242114/639234475044777603.jpg,https://www.craigandlandrethcars.com/vdp/24242114/Used-2021-Ford-Explorer-XLT-for-sale-in-Bullitt-County-KY-40165,Bullitt County,502-543-6276,690,D48195A
3N1CP5DV3ML552387,2021,Nissan,Kicks,SR,,88567,,,Electric Blue Metallic/ Super Black; SEAT TRIM; CVT; 4 Cylinder Engine; FWD,https://imagescdn.dealercarsearch.com/DealerImages/3833/3833_newarrivalphoto.jpg,https://www.craigandlandrethcars.com/vdp/24247707/Used-2021-Nissan-Kicks-SR-for-sale-in-Bullitt-County-KY-40165,Bullitt County,502-543-6276,690,D48082B
3TMLB5JNXTM292370,2026,Toyota,Tacoma,TRD Sport Double Cab 4WD,,21,,,Underground; FABRIC SEAT TRIM; Automatic; 4 Cylinder Engine; 4WD,https://imagescdn.dealercarsearch.com/Media/3833/24239002/639233903651181082.jpg,https://www.craigandlandrethcars.com/vdp/24239002/Used-2026-Toyota-Tacoma-TRD-Sport-Double-Cab-4WD-for-sale-in-Bullitt-County-KY-40165,Bullitt County,502-543-6276,690,D48441
2GCVKMEC4K1243716,2019,Chevrolet,Silverado 1500,Custom Double Cab 4WD,,71348,,,Summit White; CLOTH SEAT TRIM; 6 Speed Automatic; 8 Cylinder Engine; 4WD,https://imagescdn.dealercarsearch.com/DealerImages/3833/3833_newarrivalphoto.jpg,https://www.craigandlandrethcars.com/vdp/24242117/Used-2019-Chevrolet-Silverado-1500-Custom-Double-Cab-4WD-for-sale-in-Bullitt-County-KY-40165,Bullitt County,502-543-6276,690,D48422
1GTG6EEN9L1130355,2020,GMC,Canyon,Denali,,61875,,,White; Leather; 8 Speed Automatic; V6; 4WD,https://imagescdn.dealercarsearch.com/Media/1129/24157524/639221547563585199.jpg,https://www.craigandlandrethcars.com/vdp/24157524/Used-2020-GMC-Canyon-Denali-for-sale-in-Clarksville-IN-47129,Clarksville,812-280-8018,260,MU20993
1GCUYEET7MZ348499,2021,Chevrolet,Silverado 1500,RST 4WD Crew Cab,,116565,,,Gray; Cloth; 10 Speed; 3.0L I6; 4WD,https://imagescdn.dealercarsearch.com/Media/1129/24247055/639235660871698682.jpg,https://www.craigandlandrethcars.com/vdp/24247055/Used-2021-Chevrolet-Silverado-1500-RST-4WD-Crew-Cab-for-sale-in-Clarksville-IN-47129,Clarksville,812-280-8018,260,MU21070
1GTG6DEN4J1117889,2018,GMC,Canyon,SLT,,135248,,,Gray; Leather; 8 Speed Automatic; V6; 4WD,https://imagescdn.dealercarsearch.com/Media/1129/24170156/639216939449378129.jpg,https://www.craigandlandrethcars.com/vdp/24170156/Used-2018-GMC-Canyon-SLT-for-sale-in-Clarksville-IN-47129,Clarksville,812-280-8018,260,MU20998A
1GCGTCEN3H1217852,2017,Chevrolet,Colorado,LT,,126067,,,Red; Cloth; 8 Speed Automatic; V6; 4WD,https://imagescdn.dealercarsearch.com/Media/1129/24199900/639228798191187088.jpg,https://www.craigandlandrethcars.com/vdp/24199900/Used-2017-Chevrolet-Colorado-LT-for-sale-in-Clarksville-IN-47129,Clarksville,812-280-8018,260,MU20847A
SALSK2D48CA752371,2012,Land,Rover Range Rover Sport,HSE,,95427,,,Not Specified; Leather; 6-Speed Automatic with Command Shift; 5.0L V8; 4WD,https://imagescdn.dealercarsearch.com/Media/1129/24249000/639235947637292577.jpg,https://www.craigandlandrethcars.com/vdp/24249000/Used-2012-Land-Rover-Range-Rover-Sport-HSE-for-sale-in-Clarksville-IN-47129,Clarksville,812-280-8018,260,MU21057A
5XYKTCA65CG189425,2012,Kia,Sorento,LX,,117041,,,Silver; Cloth; 6 Speed Automatic; 2.4L I4 DGI DOHC Dual CVVT; AWD,https://imagescdn.dealercarsearch.com/Media/1129/24226516/639231627487107504.jpg,https://www.craigandlandrethcars.com/vdp/24226516/Used-2012-Kia-Sorento-LX-for-sale-in-Clarksville-IN-47129,Clarksville,812-280-8018,260,MU21022B
MAJ6S3FL2MC425690,2021,Ford,EcoSport,S,,47694,,,Silver; Cloth; 6 Speed Automatic; 2.0L I4 Ti-VCT GDI; 4WD,https://imagescdn.dealercarsearch.com/Media/1129/24151427/639232635506900020.jpg,https://www.craigandlandrethcars.com/vdp/24151427/Used-2021-Ford-EcoSport-S-for-sale-in-Clarksville-IN-47129,Clarksville,812-280-8018,260,MU20989
5N1DL0MM3HC514436,2017,Infiniti,QX60,Base,,125802,,,Gray; Leather; Sport-Tuned CVT; 3.5L V6; AWD,https://imagescdn.dealercarsearch.com/Media/1129/24158094/639215211439833430.jpg,https://www.craigandlandrethcars.com/vdp/24158094/Used-2017-Infiniti-QX60-Base-for-sale-in-Clarksville-IN-47129,Clarksville,812-280-8018,260,MU20937A
3TMLB5JN4SM195390,2025,Toyota,Tacoma 4WD,TRD Off-Road,,13573,,,Black; Cloth; 8 Speed Automatic; 2.4L 4-Cylinder; 4WD,https://imagescdn.dealercarsearch.com/Media/1129/24247082/639235660933470149.jpg,https://www.craigandlandrethcars.com/vdp/24247082/Used-2025-Toyota-Tacoma-4WD-TRD-OffRoad-for-sale-in-Clarksville-IN-47129,Clarksville,812-280-8018,260,MU21072
JF2GPAKC7E8279674,2014,Subaru,XV Crosstrek,2.0i Limited,,154495,,,White; Leather; Lineartronic CVT; 2.0L 16V DOHC; AWD,https://imagescdn.dealercarsearch.com/Media/1129/24243966/639235083300481420.jpg,https://www.craigandlandrethcars.com/vdp/24243966/Used-2014-Subaru-XV-Crosstrek-20i-Limited-for-sale-in-Clarksville-IN-47129,Clarksville,812-280-8018,260,MU20845B
JN8AY2BB9P9833099,2023,Nissan,Armada,SL 4WD,,77366,,,White; Leather; 7 Speed Automatic; 5.6L V8 DOHC 32V LEV3-ULEV125 400hp; 4WD,https://imagescdn.dealercarsearch.com/Media/1129/24247092/639235660964750828.jpg,https://www.craigandlandrethcars.com/vdp/24247092/Used-2023-Nissan-Armada-SL-4WD-for-sale-in-Clarksville-IN-47129,Clarksville,812-280-8018,260,MU21073
5YJ3E1EA8SF983522,2025,Tesla,Model 3,Long Range,,5858,,,Blue; Leather; 1-Speed Automatic; Electric Motor; RWD,https://imagescdn.dealercarsearch.com/Media/1129/24233032/639233355979928482.jpg,https://www.craigandlandrethcars.com/vdp/24233032/Used-2025-Tesla-Model-3-Long-Range-for-sale-in-Clarksville-IN-47129,Clarksville,812-280-8018,260,MU21060
5GALRBED5AJ129231,2010,Buick,Enclave,CXL 1XL,,162470,,,Silver; Leather; 6 Speed Automatic; 3.6L V6 VVT Direct Injection; FWD,https://imagescdn.dealercarsearch.com/Media/1129/24080590/639208587423535064.jpg,https://www.craigandlandrethcars.com/vdp/24080590/Used-2010-Buick-Enclave-CXL-1XL-for-sale-in-Clarksville-IN-47129,Clarksville,812-280-8018,260,MU20922A
1GKS2KKL7PR392782,2023,GMC,Yukon XL,Denali Ultimate,,54779,,,White; Leather; 10-Speed Automatic with Overdrive; EcoTec3 6.2L V8; 4WD,https://imagescdn.dealercarsearch.com/Media/1129/24236230/639235659956121909.jpg,https://www.craigandlandrethcars.com/vdp/24236230/Used-2023-GMC-Yukon-XL-Denali-Ultimate-for-sale-in-Clarksville-IN-47129,Clarksville,812-280-8018,260,392782
1FTEW1E47KFC05529,2019,Ford,F-150,King Ranch,,92807,,,White; Leather; 10 Speed; 3.5L V6 EcoBoost; 4WD,https://imagescdn.dealercarsearch.com/Media/1129/24247046/639235660783167072.jpg,https://www.craigandlandrethcars.com/vdp/24247046/Used-2019-Ford-F150-King-Ranch-for-sale-in-Clarksville-IN-47129,Clarksville,812-280-8018,260,MU21075
1C6RR7FTXJS309673,2018,RAM,1500,Express,,82909,,,Blue; 8 Speed Automatic; HEMI 5.7L V8 Multi Displacement VVT; 4WD,https://imagescdn.dealercarsearch.com/Media/1129/24219511/639230187405698437.jpg,https://www.craigandlandrethcars.com/vdp/24219511/Used-2018-RAM-1500-Express-for-sale-in-Clarksville-IN-47129,Clarksville,812-280-8018,260,309673
1GT49PE75NF196396,2022,GMC,Sierra 2500HD,AT4,,61367,,,Black; Leather; 6 Speed Automatic; 6.6L V8; 4WD,https://imagescdn.dealercarsearch.com/Media/1129/24225835/639232635514668765.jpg,https://www.craigandlandrethcars.com/vdp/24225835/Used-2022-GMC-Sierra-2500HD-AT4-for-sale-in-Clarksville-IN-47129,Clarksville,812-280-8018,260,MU21052
2C3CDXJGXMH588971,2021,Dodge,Charger,SXT,,40295,,,White; Leather; 8 Speed Automatic; 3.6L V6 SMPI DOHC 24V LEV II 300hp; AWD,https://imagescdn.dealercarsearch.com/Media/1129/24219519/639233646484550969.jpg,https://www.craigandlandrethcars.com/vdp/24219519/Used-2021-Dodge-Charger-SXT-for-sale-in-Clarksville-IN-47129,Clarksville,812-280-8018,260,588971
3GNCJPSB1GL269016,2016,Chevrolet,Trax,LT,,70974,,,Red; Cloth; 6 Speed Automatic; ECOTEC 1.4L I4 SMPI DOHC Turbocharged VVT; AWD,https://imagescdn.dealercarsearch.com/Media/1129/24236245/639235660913237023.jpg,https://www.craigandlandrethcars.com/vdp/24236245/Used-2016-Chevrolet-Trax-LT-for-sale-in-Clarksville-IN-47129,Clarksville,812-280-8018,260,MU21042
3N1CN8DVXRL885152,2024,Nissan,Versa,1.6 S,,18701,,,Gray; Cloth; CVT; 1.6L I4 DOHC 16V; FWD,https://imagescdn.dealercarsearch.com/Media/1129/24188025/639224139585706646.jpg,https://www.craigandlandrethcars.com/vdp/24188025/Used-2024-Nissan-Versa-16-S-for-sale-in-Clarksville-IN-47129,Clarksville,812-280-8018,260,MU21029
3C4NJDBN4PT538670,2023,Jeep,Compass,Latitude,,13398,,,Blue; Cloth; 8 Speed Automatic; 2.0L I4 DOHC; 4WD,https://imagescdn.dealercarsearch.com/Media/1129/24212158/639228171755193193.jpg,https://www.craigandlandrethcars.com/vdp/24212158/Used-2023-Jeep-Compass-Latitude-for-sale-in-Clarksville-IN-47129,Clarksville,812-280-8018,260,MU21036
3GTP9EED6MG237395,2021,GMC,Sierra 1500,AT4 4WD Crew Cab,,105294,,,Gray; Leather; 10 Speed; EcoTec3 5.3L V8; 4WD,https://imagescdn.dealercarsearch.com/Media/1129/24204792/639233643812130371.jpg,https://www.craigandlandrethcars.com/vdp/24204792/Used-2021-GMC-Sierra-1500-AT4-4WD-Crew-Cab-for-sale-in-Clarksville-IN-47129,Clarksville,812-280-8018,260,MU21034
2G4GS5GX5G9179639,2016,Buick,Regal,Premium II,,66995,,,Red; Leather; 6 Speed Automatic; 2.0L 4-Cylinder DGI DOHC VVT Turbocharged; FWD,https://imagescdn.dealercarsearch.com/Media/1129/24096584/639233645058568162.jpg,https://www.craigandlandrethcars.com/vdp/24096584/Used-2016-Buick-Regal-Premium-II-for-sale-in-Clarksville-IN-47129,Clarksville,812-280-8018,260,MU20970
3VVUC7B2XSM009886,2025,Volkswagen,Taos,1.5T SE AWD,,26093,,,Silver; Cloth; 8-Speed Automatic with Tiptronic; 1.5L I4 Turbocharged DOHC 16V LEV3-SULEV30 174hp; AWD,https://imagescdn.dealercarsearch.com/Media/1129/24248477/639235661026155932.jpg,https://www.craigandlandrethcars.com/vdp/24248477/Used-2025-Volkswagen-Taos-15T-SE-AWD-for-sale-in-Clarksville-IN-47129,Clarksville,812-280-8018,260,MU21076
5FNYG1H89SB045120,2025,Honda,Pilot,Elite,,1,,,Not Specified; Leather; 10 Speed; 3.5L V6 DOHC 24V; AWD,https://imagescdn.dealercarsearch.com/Media/1129/24248475/639235947640305632.jpg,https://www.craigandlandrethcars.com/vdp/24248475/Used-2025-Honda-Pilot-Elite-for-sale-in-Clarksville-IN-47129,Clarksville,812-280-8018,260,MU20969A
5N1AT2MV1LC709600,2020,Nissan,Rogue,SL,,124415,,,Gray; Leather; CVT; 2.5L I4 DOHC 16V; AWD,https://imagescdn.dealercarsearch.com/Media/1129/24250358/639236235395809029.jpg,https://www.craigandlandrethcars.com/vdp/24250358/Used-2020-Nissan-Rogue-SL-for-sale-in-Clarksville-IN-47129,Clarksville,812-280-8018,260,MU20864A
3N8AP6DD2SL436780,2025,Nissan,Kicks,SR,,9576,,,White; CVT; 2.0L DOHC; AWD,https://imagescdn.dealercarsearch.com/Media/1129/24219520/639233646443010520.jpg,https://www.craigandlandrethcars.com/vdp/24219520/Used-2025-Nissan-Kicks-SR-for-sale-in-Clarksville-IN-47129,Clarksville,812-280-8018,260,436780
7MMVABXL8TN451344,2026,Mazda,CX-50,2.5 S Meridian Edition,,3717,,,Beige/tan; Cloth; 6 Speed Automatic; SKYACTIV®-G 2.5L 4-Cylinder DOHC 16V; AWD,https://imagescdn.dealercarsearch.com/Media/1129/24247085/639235947641086875.jpg,https://www.craigandlandrethcars.com/vdp/24247085/Used-2026-Mazda-CX50-25-S-Meridian-Edition-for-sale-in-Clarksville-IN-47129,Clarksville,812-280-8018,260,MU21078
5YJSA1E29LF362923,2020,Tesla,Model S,Long Range Plus,,65927,,,Not Specified; 1-Speed Automatic; Electric Motor; AWD,https://imagescdn.dealercarsearch.com/Media/1129/24236257/639236235420464246.jpg,https://www.craigandlandrethcars.com/vdp/24236257/Used-2020-Tesla-Model-S-Long-Range-Plus-for-sale-in-Clarksville-IN-47129,Clarksville,812-280-8018,260,362923
5N1DL1FS2PC346045,2023,Infiniti,QX60,LUXE,,80650,,,Silver; Leather; 9-Speed Automatic; 3.5L V6; AWD,https://imagescdn.dealercarsearch.com/Media/1129/24239501/639234507483511630.jpg,https://www.craigandlandrethcars.com/vdp/24239501/Used-2023-Infiniti-QX60-LUXE-for-sale-in-Clarksville-IN-47129,Clarksville,812-280-8018,260,MU20480A
WBXYJ5C32JEF70546,2018,BMW,X2,xDrive28i,,89593,,,Black; Premium Synthetic; 8 Speed Automatic; 2.0L 4-Cylinder DOHC 16V TwinPower Turbo; AWD,https://imagescdn.dealercarsearch.com/Media/1129/24204817/639226155492951368.jpg,https://www.craigandlandrethcars.com/vdp/24204817/Used-2018-BMW-X2-xDrive28i-for-sale-in-Clarksville-IN-47129,Clarksville,812-280-8018,260,MU21031
3C6UR4FL9DG613680,2013,RAM,2500,Laramie,,197901,,,Gray; Leather; 6 Speed Automatic; Cummins 6.7L I6 Turbodiesel; RWD,https://imagescdn.dealercarsearch.com/Media/1129/24248994/639235947595118629.jpg,https://www.craigandlandrethcars.com/vdp/24248994/Used-2013-RAM-2500-Laramie-for-sale-in-Clarksville-IN-47129,Clarksville,812-280-8018,260,MU20791B
KM8SR4HF5KU308948,2019,Hyundai,Santa Fe XL,Limited,,102247,,,Gray; Leather; 6-Speed Automatic with Shiftronic; 3.3L V6 DGI DOHC 24V; FWD,https://imagescdn.dealercarsearch.com/Media/1129/24247083/639235660938157502.jpg,https://www.craigandlandrethcars.com/vdp/24247083/Used-2019-Hyundai-Santa-Fe-XL-Limited-for-sale-in-Clarksville-IN-47129,Clarksville,812-280-8018,260,MU21074
5TDDZRFH0KS935043,2019,Toyota,Highlander,Limited Platinum,,128626,,,Black; Leather; 8-Speed Automatic Electronic with ECT-i; 3.5L V6; AWD,https://imagescdn.dealercarsearch.com/Media/1129/24204814/639235659720647427.jpg,https://www.craigandlandrethcars.com/vdp/24204814/Used-2019-Toyota-Highlander-Limited-Platinum-for-sale-in-Clarksville-IN-47129,Clarksville,812-280-8018,260,MU21024
WA1C2AFP3HA035908,2017,Audi,Q5,2.0T Premium quattro,,114384,,,Gray; Leather; 8-Speed Automatic with Tiptronic; 2.0L 4-Cylinder TFSI; quattro,https://imagescdn.dealercarsearch.com/Media/1129/24217873/639231915407203450.jpg,https://www.craigandlandrethcars.com/vdp/24217873/Used-2017-Audi-Q5-20T-Premium-quattro-for-sale-in-Clarksville-IN-47129,Clarksville,812-280-8018,260,MU20924A
5N1BT3CAXTC853574,2026,Nissan,Rogue,SL,,293,,,Blue; Leather; CVT; 1.5L DOHC; FWD,https://imagescdn.dealercarsearch.com/Media/1129/24236249/639234219641861983.jpg,https://www.craigandlandrethcars.com/vdp/24236249/Used-2026-Nissan-Rogue-SL-for-sale-in-Clarksville-IN-47129,Clarksville,812-280-8018,260,MU21063
JTJBK1BA3D2034388,2013,Lexus,RX,350,,150883,,,Black; Leather; 6-Speed Automatic with Sequential Shift ECT-i; 3.5L V6 DOHC Dual VVT-i 24V; AWD,https://imagescdn.dealercarsearch.com/Media/1129/24214920/639228799242570284.jpg,https://www.craigandlandrethcars.com/vdp/24214920/Used-2013-Lexus-RX-350-for-sale-in-Clarksville-IN-47129,Clarksville,812-280-8018,260,MU21006A
5LMJJ2H51CEL06458,2012,Lincoln,Navigator,Base,,1,,,White; Leather; 6 Speed Automatic; 5.4L V8 SOHC 24V FFV; RWD,https://imagescdn.dealercarsearch.com/Media/1129/24238334/639234219641705701.jpg,https://www.craigandlandrethcars.com/vdp/24238334/Used-2012-Lincoln-Navigator-Base-for-sale-in-Clarksville-IN-47129,Clarksville,812-280-8018,260,MU20917A
3C4NJDDB3NT227795,2022,Jeep,Compass,Trailhawk,,21197,,,White; Cloth; 9 Speed Automatic; 2.4L I4; 4WD,https://imagescdn.dealercarsearch.com/Media/1129/24212154/639233499792426734.jpg,https://www.craigandlandrethcars.com/vdp/24212154/Used-2022-Jeep-Compass-Trailhawk-for-sale-in-Clarksville-IN-47129,Clarksville,812-280-8018,260,MU21038
4T1DAACK3TU700105,2026,Toyota,Camry,LE,,8504,,,Ocean; Cloth; eCVT; 2.5L 4-Cylinder 16V DOHC; FWD,https://imagescdn.dealercarsearch.com/Media/1129/24236244/639235660865751200.jpg,https://www.craigandlandrethcars.com/vdp/24236244/Used-2026-Toyota-Camry-LE-for-sale-in-Clarksville-IN-47129,Clarksville,812-280-8018,260,700105
WVWMN7AN4CE505052,2012,Volkswagen,CC,Sport,,190040,,,Black; Artificial Leather; 6-Speed Automatic DSG; 2.0L Turbocharged TSI; FWD,https://imagescdn.dealercarsearch.com/Media/1129/24238343/639234219642018238.jpg,https://www.craigandlandrethcars.com/vdp/24238343/Used-2012-Volkswagen-CC-Sport-for-sale-in-Clarksville-IN-47129,Clarksville,812-280-8018,260,MU21041A
WVWNM9AJ9BW191648,2011,Volkswagen,Golf,TDI,,166363,,,White; Cloth; 6 Speed Manual; 2.0L I4 TDI Diesel Turbocharged DOHC 16V ULEV II 1; FWD,https://imagescdn.dealercarsearch.com/Media/1129/24247088/639235947641086875.jpg,https://www.craigandlandrethcars.com/vdp/24247088/Used-2011-Volkswagen-Golf-TDI-for-sale-in-Clarksville-IN-47129,Clarksville,812-280-8018,260,MU20932A
JM3TCBDY9P0640516,2023,Mazda,CX-9,Grand Touring,,74020,,,Gray; Leather; 6 Speed Automatic; 2.5L 4-Cylinder; AWD,https://imagescdn.dealercarsearch.com/Media/1129/24096596/639223563778340260.jpg,https://www.craigandlandrethcars.com/vdp/24096596/Used-2023-Mazda-CX9-Grand-Touring-for-sale-in-Clarksville-IN-47129,Clarksville,812-280-8018,260,MU20965
1P3EW65G7YV602471,2000,Plymouth,Prowler,Base,35600,2447,,,BLK; EGG; RWD,https://imagescdn.dealercarsearch.com/DealerImages/1123/1123_newarrivalphoto.jpg,https://www.craigandlandrethcars.com/vdp/24168682/Used-2000-Plymouth-Prowler-Base-for-sale-in-Louisville-KY-40207,Louisville,502-447-3450,690,D47920
